sa3_code_2021,median_mortgage_monthly,median_rent_weekly,median_household_income_weekly,persons
10102,2167,355,2290,64793
10103,1408,300,1562,20717
10104,1517,320,1183,76736
10105,1694,310,1449,38403
10106,1699,270,1596,38159
10201,2150,400,1615,178427
10202,1900,385,1422,168171
10301,1733,315,1568,49146
10302,1200,220,1217,54684
10303,1600,300,1332,47870
10304,1700,315,1665,61266
10401,1387,310,1126,53665
10402,1733,370,1336,92462
10501,1000,180,1289,21607
10502,867,205,1166,19876
10503,1450,280,1463,74084
10601,1733,340,1604,97927
10602,1862,375,1792,87019
10603,1733,360,1338,76414
10604,1538,290,1521,30584
10701,2000,365,1494,79819
10702,1595,270,3249,9
10703,2167,430,1689,99254
10704,2189,400,1796,134762
10801,1517,330,1014,33311
10802,1330,300,1037,51154
10803,1400,310,1699,445
10804,1733,375,1264,86780
10805,1430,300,1092,57345
10901,1430,265,1428,67044
10902,1179,200,1351,13056
10903,1285,235,1208,43453
11001,1408,280,1383,37537
11002,1100,240,1020,38731
11003,1300,220,1523,24713
11004,1500,300,1412,84579
11101,2000,370,1655,126496
11102,1900,380,1562,85022
11103,1962,400,1740,179000
11201,1980,450,1461,87772
11202,1452,300,1224,71896
11203,1872,400,1296,97392
11301,1300,250,1535,49559
11302,1300,230,1308,14931
11303,1430,280,1486,99169
11401,1733,350,1248,108328
11402,2167,430,1673,52678
11501,3000,580,2732,154767
11502,3000,520,2541,27914
11503,2308,430,2230,25006
11504,3000,600,2964,56682
11601,2167,400,1887,142602
11602,2700,540,2722,142771
11603,2000,350,1637,115629
11701,2600,550,2064,58771
11702,2800,495,2276,54771
11703,2705,550,2222,217795
11801,3600,670,2984,127167
11802,3033,550,2305,134243
11901,2240,425,1595,186245
11902,2167,390,1524,141091
11903,2466,440,1906,131869
11904,2383,480,1923,145918
12001,3000,560,2380,86706
12002,3500,600,2919,56398
12003,2436,465,2046,161666
12101,3033,560,2643,117456
12102,2500,480,2295,87455
12103,3500,630,3037,124357
12104,3085,582,2617,94778
12201,3800,720,3272,43173
12202,3200,695,2512,63482
12203,3000,592,2471,156903
12301,2383,480,2334,73578
12302,2100,380,1702,177879
12303,2318,415,2093,45837
12401,2033,400,1756,77950
12402,0,150,900,8
12403,2167,400,1971,159310
12404,2167,400,1767,38002
12405,2000,390,1724,56790
12501,2167,470,1798,103544
12502,2600,460,1997,74024
12503,2167,400,1501,163816
12504,2167,420,2060,152128
12601,2817,500,2436,54832
12602,2600,460,2136,147202
12701,2475,490,2105,143080
12702,2000,400,1411,195172
12703,2167,400,1770,136178
12801,2774,500,2188,117865
12802,2600,483,2397,111740
19797,0,0,0,0
19999,0,0,0,11371
20101,1499,300,1441,116201
20102,1538,300,1454,30975
20103,1127,230,1027,26759
20201,1408,295,1435,103034
20202,1600,320,1492,52500
20203,1083,190,1175,12224
20301,1800,330,1974,22483
20302,1712,335,1586,211986
20303,1950,402,1770,93417
20401,1500,280,1328,60002
20402,1300,250,1284,48454
20403,1473,280,1461,76475
20501,1600,320,1497,57775
20502,1300,268,1109,48830
20503,1450,295,1202,71548
20504,1213,237,1259,77168
20505,1300,260,1273,45525
20601,2149,418,2049,89874
20602,2300,421,2141,53270
20603,2200,370,2046,68712
20604,1962,396,1677,149601
20605,2170,420,2069,101956
20606,2287,425,2141,62539
20607,2326,451,2270,91060
20701,3000,451,2376,167900
20702,2400,462,1810,98386
20703,2300,412,1790,107187
20801,3000,520,2487,101306
20802,2396,435,2129,156469
20803,2167,410,1965,122693
20804,2817,416,2374,42162
20901,2167,399,2027,126236
20902,2000,371,1668,95299
20903,2167,431,2427,67105
20904,1900,371,1790,252026
21001,2167,410,1935,61687
21002,2014,400,2183,32969
21003,2000,381,1795,80537
21004,1750,369,1939,45064
21005,1834,369,1658,204071
21101,2000,400,1884,159148
21102,2500,459,2449,26386
21103,2000,385,1865,114579
21104,2200,410,1931,62935
21105,1950,380,1882,155256
21201,1866,361,1874,118342
21202,1900,370,1850,137287
21203,1950,386,1955,227950
21204,1800,350,1493,193644
21205,2383,440,1894,182833
21301,1700,346,1494,186067
21302,2167,386,2006,86589
21303,2100,376,1998,85209
21304,1800,351,1873,198439
21305,1924,370,2014,296748
21401,1800,356,1653,139281
21402,1989,380,1555,168948
21501,1043,215,1242,60340
21502,1283,265,1341,56972
21503,1083,200,1231,38264
21601,1300,250,1267,38889
21602,1300,250,1192,30522
21603,1300,260,1398,68206
21701,1083,220,1236,36792
21703,1300,250,1271,38497
21704,1430,283,1451,52777
29797,0,0,0,38
29999,0,0,0,9089
30101,1950,405,1917,73384
30102,2000,425,1692,93394
30103,2100,420,2100,73041
30201,2000,430,2222,46125
30202,2100,390,1938,74330
30203,1950,400,1985,42971
30204,1800,375,1736,61171
30301,2200,450,2316,54274
30302,2100,390,2032,79394
30303,2100,420,2005,79365
30304,2100,388,2062,39907
30305,1872,400,1941,67890
30306,1800,400,1763,50190
30401,2000,450,2333,33016
30402,2311,500,2821,47733
30403,2167,410,2078,54285
30404,2167,400,2257,54179
30501,2000,440,1922,87467
30502,2500,440,2469,44376
30503,2167,410,2153,100063
30504,2513,430,2386,60333
30601,1733,390,1819,57774
30602,1517,315,1469,105489
30603,1300,250,1211,35333
30604,1517,310,1314,12252
30605,1430,270,1217,42900
30701,1300,230,1416,44244
30702,1300,250,1317,42862
30703,1300,255,1127,41520
30801,1500,250,2054,28849
30803,1517,300,1512,121360
30804,1300,240,1766,14513
30805,1600,275,1639,63515
30901,2019,465,1738,66400
30902,2000,450,1635,57511
30903,1733,410,1331,69387
30904,1950,410,1743,20113
30905,2167,500,2141,36033
30906,1950,435,1783,69688
30907,2000,450,1999,158062
30908,1907,500,1702,53903
30909,1750,420,1414,64482
30910,1950,437,1466,45197
31001,1630,355,1586,78711
31002,1517,300,1406,67292
31003,1517,300,1549,115913
31004,1710,360,1854,105202
31101,1517,310,1199,14674
31102,1560,340,1404,46316
31103,1600,360,1597,93622
31104,2000,390,2106,61638
31105,1733,360,1657,64457
31106,1638,320,1443,79066
31201,1300,200,2015,35821
31202,1733,340,1853,121691
31203,1700,350,1574,23382
31301,1647,350,1033,37081
31302,1625,335,1432,79787
31303,1715,340,1482,14897
31304,1733,350,1687,69207
31305,1733,350,1320,63771
31401,2080,440,2417,89786
31402,1820,380,1860,88063
31403,1625,360,1608,39846
31501,1517,140,1365,32207
31502,1500,220,2006,30377
31503,910,160,1344,17238
31601,2000,465,1739,58956
31602,1950,450,1546,96305
31603,1820,420,1499,63673
31605,2000,500,1565,46660
31606,1863,400,1630,59039
31607,1777,385,1534,49996
31608,1800,415,1496,24207
31701,1517,310,1502,162059
31801,1213,202,1264,41467
31802,1517,305,1701,192820
31901,1300,285,1170,93797
31902,1083,230,1021,49678
31903,1326,290,1115,53141
31904,1430,335,1106,63492
31905,1179,260,1002,47629
39797,0,0,1749,183
39999,0,0,0,14670
40101,1733,400,1473,25026
40102,1733,350,1895,79723
40103,2300,360,2069,46030
40104,1736,345,1596,55173
40105,2000,340,1664,37487
40106,2000,345,2015,30289
40107,2167,350,1999,38641
40201,1500,290,1492,37709
40202,1300,265,1255,99932
40203,1603,320,1555,76855
40204,1300,300,1364,144550
40205,1517,330,1631,96660
40301,1950,340,1609,35711
40302,1700,330,1555,96326
40303,1992,335,1990,66290
40304,1452,314,1414,176533
40401,1733,325,1560,118442
40402,1517,295,1384,60848
40403,1745,310,1591,65057
40501,1400,285,1479,37975
40502,1081,220,1144,22691
40503,888,182,1047,27164
40504,1083,230,982,26652
40601,1170,195,1245,57092
40602,1138,187,1393,25560
40701,1300,280,1078,55593
40702,1083,205,1316,66851
40703,1083,220,1114,71259
49797,0,0,0,12
49999,0,0,0,3377
50101,1733,360,1477,57332
50102,1616,300,1550,107549
50103,1387,250,1236,23863
50201,1733,300,1286,107641
50301,3293,450,2790,71735
50302,2167,390,2093,110530
50401,1855,340,1737,84462
50402,1950,330,1838,43792
50403,1842,340,1858,148324
50501,2080,400,2166,160641
50502,1950,350,1784,208149
50503,1898,350,1892,208506
50601,1750,305,1774,94184
50602,1842,350,1758,75312
50603,1820,350,1800,99139
50604,1733,330,1656,126376
50605,1907,370,1866,58762
50606,1971,380,2096,32242
50607,2200,360,2004,43448
50701,1950,370,1988,115824
50702,2167,379,1955,39910
50703,1724,315,1716,45867
50704,2200,400,2104,106127
50705,1733,330,1724,135678
50901,1490,280,1323,61880
50902,1425,231,1349,55937
50903,1105,200,1372,19357
51001,2167,200,1762,35092
51002,1480,180,2764,25443
51003,2000,220,3114,29594
51101,1517,260,1538,15970
51102,1733,240,1552,9537
51103,1517,280,2200,38267
51104,1517,250,1455,54981
59797,1733,0,2250,514
59999,0,0,0,8055
60101,1400,280,1365,19589
60102,1538,350,1601,59161
60103,1300,320,1309,58008
60104,1647,385,1715,36641
60105,1800,390,1840,55163
60106,1408,350,1408,18515
60201,1300,280,1346,87345
60202,1300,250,1211,24254
60203,1198,230,1100,39600
60301,1200,240,1267,12440
60302,1300,290,1239,21707
60303,1100,250,956,7582
60401,1200,240,1170,50028
60402,1300,250,1217,48293
60403,1053,200,1210,17841
69797,0,0,0,19
69999,0,0,0,1377
70101,2000,420,2257,27044
70102,2028,350,2148,54701
70103,2250,380,2340,20983
70104,2037,400,2200,37176
70201,1800,280,1898,36471
70202,1087,135,1481,5287
70203,1346,80,1167,15805
70204,1664,80,1941,12798
70205,1615,178,1704,18739
79797,0,0,4150,99
79999,0,0,0,3500
80101,2000,430,2227,106061
80103,1712,290,1206,1934
80104,2123,462,2537,87682
80105,2080,476,2341,61188
80106,2275,500,2711,31592
80107,2000,425,2305,89461
80108,2251,420,2377,24630
80109,2167,440,2375,39279
80110,2099,472,2734,11435
80111,2296,395,3062,625
89797,0,0,0,0
89999,0,0,0,605
90101,1300,150,2109,1692
90102,1972,231,2519,593
90103,1849,90,1825,310
90104,1300,240,1184,2188
99797,0,0,0,0
99999,0,0,0,11
