locality,sal_code_2021,year,median_price,flag
AINTREE,20011,2015,197500,
AINTREE,20011,2016,228000,
AINTREE,20011,2017,280000,
AINTREE,20011,2018,313000,
AINTREE,20011,2019,329500,
AINTREE,20011,2020,365000,
AINTREE,20011,2021,430000,
AINTREE,20011,2022,416000,
AINTREE,20011,2023,459000,
AINTREE,20011,2024,427000,
AINTREE,20011,2025,401000,
ALFREDTON,20023,2015,180000,
ALFREDTON,20023,2016,183500,
ALFREDTON,20023,2017,152000,
ALFREDTON,20023,2018,155000,
ALFREDTON,20023,2019,170000,
ALFREDTON,20023,2020,202500,
ALFREDTON,20023,2021,250000,
ALFREDTON,20023,2022,295000,
ALFREDTON,20023,2023,290000,
ALFREDTON,20023,2024,250000,
ALFREDTON,20023,2025,230000,
APOLLO BAY,20049,2015,190000,
APOLLO BAY,20049,2016,182500,
APOLLO BAY,20049,2017,185000,
APOLLO BAY,20049,2018,225000,
APOLLO BAY,20049,2019,244000,
APOLLO BAY,20049,2020,250000,
APOLLO BAY,20049,2021,335000,
APOLLO BAY,20049,2022,547500,
APOLLO BAY,20049,2023,410000,^
APOLLO BAY,20049,2024,407500,
APOLLO BAY,20049,2025,405000,
ARARAT,20053,2015,83500,
ARARAT,20053,2016,50000,
ARARAT,20053,2017,97500,^
ARARAT,20053,2018,99500,
ARARAT,20053,2019,87000,^
ARARAT,20053,2020,79000,
ARARAT,20053,2021,160000,
ARARAT,20053,2022,165000,
ARARAT,20053,2023,156500,
ARARAT,20053,2024,150500,
ARARAT,20053,2025,155000,
ARMSTRONG CREEK,20068,2015,172000,
ARMSTRONG CREEK,20068,2016,175000,
ARMSTRONG CREEK,20068,2017,198000,
ARMSTRONG CREEK,20068,2018,247000,
ARMSTRONG CREEK,20068,2019,265000,
ARMSTRONG CREEK,20068,2020,269000,
ARMSTRONG CREEK,20068,2021,297500,
ARMSTRONG CREEK,20068,2022,365000,
ARMSTRONG CREEK,20068,2023,343500,
ARMSTRONG CREEK,20068,2024,351000,
ARMSTRONG CREEK,20068,2025,335000,
BACCHUS MARSH,20095,2015,152000,
BACCHUS MARSH,20095,2016,148000,
BACCHUS MARSH,20095,2017,165000,
BACCHUS MARSH,20095,2018,214500,
BACCHUS MARSH,20095,2019,238000,
BACCHUS MARSH,20095,2020,278000,
BACCHUS MARSH,20095,2021,377000,
BACCHUS MARSH,20095,2022,252000,
BACCHUS MARSH,20095,2023,340000,
BACCHUS MARSH,20095,2024,302500,
BACCHUS MARSH,20095,2025,322500,
BAIRNSDALE,20103,2015,100000,
BAIRNSDALE,20103,2016,112000,
BAIRNSDALE,20103,2017,110000,
BAIRNSDALE,20103,2018,118000,
BAIRNSDALE,20103,2019,117500,
BAIRNSDALE,20103,2020,125000,
BAIRNSDALE,20103,2021,151500,
BAIRNSDALE,20103,2022,165000,
BAIRNSDALE,20103,2023,191500,^
BAIRNSDALE,20103,2024,189000,
BAIRNSDALE,20103,2025,208000,
BALLAN,20108,2015,133000,
BALLAN,20108,2016,135000,
BALLAN,20108,2017,140000,
BALLAN,20108,2018,185000,
BALLAN,20108,2019,220000,
BALLAN,20108,2020,229500,
BALLAN,20108,2021,272500,
BALLAN,20108,2022,290000,
BALLAN,20108,2023,305000,^
BALLAN,20108,2024,300000,^
BALLAN,20108,2025,302500,
BALLARAT EAST,20112,2015,108500,
BALLARAT EAST,20112,2016,106000,
BALLARAT EAST,20112,2017,142500,
BALLARAT EAST,20112,2018,147500,
BALLARAT EAST,20112,2019,200000,
BALLARAT EAST,20112,2020,200000,^
BALLARAT EAST,20112,2021,253500,
BALLARAT EAST,20112,2022,310000,
BALLARAT EAST,20112,2023,326000,
BALLARAT EAST,20112,2024,365000,
BALLARAT EAST,20112,2025,300000,
BANNOCKBURN,20133,2015,146000,
BANNOCKBURN,20133,2016,155000,
BANNOCKBURN,20133,2017,165000,
BANNOCKBURN,20133,2018,215500,
BANNOCKBURN,20133,2019,259500,
BANNOCKBURN,20133,2020,244000,
BANNOCKBURN,20133,2021,305000,
BANNOCKBURN,20133,2022,360000,
BANNOCKBURN,20133,2023,345000,^
BANNOCKBURN,20133,2024,345000,
BANNOCKBURN,20133,2025,347500,
BARANDUDA,20136,2015,130000,
BARANDUDA,20136,2016,125000,
BARANDUDA,20136,2017,129000,
BARANDUDA,20136,2018,136500,
BARANDUDA,20136,2019,145000,
BARANDUDA,20136,2020,140000,
BARANDUDA,20136,2021,159500,
BARANDUDA,20136,2022,200000,
BARANDUDA,20136,2023,215000,
BARANDUDA,20136,2024,217500,
BARANDUDA,20136,2025,230000,
BARNAWARTHA,20146,2015,87500,^
BARNAWARTHA,20146,2016,88000,^
BARNAWARTHA,20146,2017,102000,^
BARNAWARTHA,20146,2018,103500,^
BARNAWARTHA,20146,2019,70000,^
BARNAWARTHA,20146,2020,95000,^
BARNAWARTHA,20146,2021,520000,^
BARNAWARTHA,20146,2022,520000,*
BARNAWARTHA,20146,2023,110000,^
BARNAWARTHA,20146,2024,247500,
BARNAWARTHA,20146,2025,270000,
BEACONSFIELD,20175,2015,184000,
BEACONSFIELD,20175,2016,205000,
BEACONSFIELD,20175,2017,263000,
BEACONSFIELD,20175,2018,277500,
BEACONSFIELD,20175,2019,311500,^
BEACONSFIELD,20175,2020,326500,
BEACONSFIELD,20175,2021,394000,
BEACONSFIELD,20175,2022,519000,
BEACONSFIELD,20175,2023,460500,^
BEACONSFIELD,20175,2024,480000,
BEACONSFIELD,20175,2025,512000,
BEEAC,20184,2015,61500,^
BEEAC,20184,2016,75000,^
BEEAC,20184,2017,75000,^
BEEAC,20184,2018,99000,^
BEEAC,20184,2019,99000,*
BEEAC,20184,2020,130000,^
BEEAC,20184,2021,110000,^
BEEAC,20184,2022,170000,
BEEAC,20184,2023,154500,^
BEEAC,20184,2024,125000,^
BEEAC,20184,2025,172500,
BEECHWORTH,20186,2015,115500,
BEECHWORTH,20186,2016,123000,
BEECHWORTH,20186,2017,130000,
BEECHWORTH,20186,2018,145000,
BEECHWORTH,20186,2019,175000,
BEECHWORTH,20186,2020,235500,
BEECHWORTH,20186,2021,282000,
BEECHWORTH,20186,2022,300000,
BEECHWORTH,20186,2023,387500,
BEECHWORTH,20186,2024,425500,^
BEECHWORTH,20186,2025,415000,
BENALLA,20204,2015,104000,
BENALLA,20204,2016,100000,
BENALLA,20204,2017,96500,
BENALLA,20204,2018,113000,
BENALLA,20204,2019,129000,
BENALLA,20204,2020,137500,
BENALLA,20204,2021,145500,
BENALLA,20204,2022,180000,
BENALLA,20204,2023,187000,
BENALLA,20204,2024,186500,
BENALLA,20204,2025,206500,
BERWICK,20224,2015,289000,
BERWICK,20224,2016,331000,
BERWICK,20224,2017,385000,
BERWICK,20224,2018,455000,
BERWICK,20224,2019,430000,
BERWICK,20224,2020,424000,
BERWICK,20224,2021,432000,
BERWICK,20224,2022,546000,
BERWICK,20224,2023,537000,
BERWICK,20224,2024,475500,
BERWICK,20224,2025,475000,
BEVERIDGE,20233,2015,182000,
BEVERIDGE,20233,2016,192000,
BEVERIDGE,20233,2017,255000,
BEVERIDGE,20233,2018,301500,
BEVERIDGE,20233,2019,286000,
BEVERIDGE,20233,2020,255000,
BEVERIDGE,20233,2021,279000,
BEVERIDGE,20233,2022,326000,
BEVERIDGE,20233,2023,319000,
BEVERIDGE,20233,2024,319000,
BEVERIDGE,20233,2025,322500,
BLAIRGOWRIE,20257,2015,375000,
BLAIRGOWRIE,20257,2016,505000,
BLAIRGOWRIE,20257,2017,530000,
BLAIRGOWRIE,20257,2018,655000,
BLAIRGOWRIE,20257,2019,577500,
BLAIRGOWRIE,20257,2020,790500,
BLAIRGOWRIE,20257,2021,1100000,^
BLAIRGOWRIE,20257,2022,1409000,
BLAIRGOWRIE,20257,2023,932500,^
BLAIRGOWRIE,20257,2024,900000,
BLAIRGOWRIE,20257,2025,780000,^
BONNIE BROOK,20282,2017,350500,
BONNIE BROOK,20282,2018,344000,
BONNIE BROOK,20282,2019,315000,
BONNIE BROOK,20282,2020,312500,
BONNIE BROOK,20282,2021,335000,
BONNIE BROOK,20282,2022,351000,
BONNIE BROOK,20282,2023,360500,
BONNIE BROOK,20282,2024,368000,
BONNIE BROOK,20282,2025,375000,
BONSHAW,20284,2015,126000,
BONSHAW,20284,2016,129000,
BONSHAW,20284,2017,123000,
BONSHAW,20284,2018,132000,
BONSHAW,20284,2019,155000,
BONSHAW,20284,2020,187000,
BONSHAW,20284,2021,243000,
BONSHAW,20284,2022,280000,
BONSHAW,20284,2023,289000,
BONSHAW,20284,2024,260000,
BONSHAW,20284,2025,235000,
BOTANIC RIDGE,20307,2015,230000,
BOTANIC RIDGE,20307,2016,254500,
BOTANIC RIDGE,20307,2017,338000,
BOTANIC RIDGE,20307,2018,382000,
BOTANIC RIDGE,20307,2019,355000,
BOTANIC RIDGE,20307,2020,390000,
BOTANIC RIDGE,20307,2021,481000,
BOTANIC RIDGE,20307,2022,514500,
BOTANIC RIDGE,20307,2023,452000,
BOTANIC RIDGE,20307,2024,468000,
BOTANIC RIDGE,20307,2025,520000,
BRIDGEWATER ON LODDON,20335,2015,112500,^
BRIDGEWATER ON LODDON,20335,2016,85000,^
BRIDGEWATER ON LODDON,20335,2017,68500,^
BRIDGEWATER ON LODDON,20335,2018,125000,^
BRIDGEWATER ON LODDON,20335,2019,150000,^
BRIDGEWATER ON LODDON,20335,2020,172500,^
BRIDGEWATER ON LODDON,20335,2021,106500,^
BRIDGEWATER ON LODDON,20335,2022,310000,^
BRIDGEWATER ON LODDON,20335,2023,190000,^
BRIDGEWATER ON LODDON,20335,2024,178000,
BRIDGEWATER ON LODDON,20335,2025,225000,
BRIGHTON,20337,2016,1760000,^
BRIGHTON,20337,2017,3300000,^
BRIGHTON,20337,2018,2562500,^
BRIGHTON,20337,2019,2562500,
BRIGHTON,20337,2020,2562500,
BRIGHTON,20337,2021,3465000,^
BRIGHTON,20337,2022,22000000,^
BRIGHTON,20337,2023,3285000,^
BRIGHTON,20337,2024,2975000,^
BRIGHTON,20337,2025,2685000,
BROADFORD,20345,2015,130000,
BROADFORD,20345,2016,125000,
BROADFORD,20345,2017,140000,
BROADFORD,20345,2018,147500,
BROADFORD,20345,2019,195000,
BROADFORD,20345,2020,239000,
BROADFORD,20345,2021,250000,
BROADFORD,20345,2022,284000,
BROADFORD,20345,2023,250000,
BROADFORD,20345,2024,270000,
BROADFORD,20345,2025,260000,
BROOKFIELD,20351,2015,142000,
BROOKFIELD,20351,2016,150000,
BROOKFIELD,20351,2017,162000,
BROOKFIELD,20351,2018,218000,
BROOKFIELD,20351,2019,237500,
BROOKFIELD,20351,2020,273500,
BROOKFIELD,20351,2021,251000,
BROOKFIELD,20351,2022,285000,
BROOKFIELD,20351,2023,318500,
BROOKFIELD,20351,2024,370000,
BROOKFIELD,20351,2025,290000,
BROWN HILL,20356,2015,162500,
BROWN HILL,20356,2016,180000,
BROWN HILL,20356,2017,190000,
BROWN HILL,20356,2018,182500,
BROWN HILL,20356,2019,186000,
BROWN HILL,20356,2020,221000,
BROWN HILL,20356,2021,310000,
BROWN HILL,20356,2022,382500,
BROWN HILL,20356,2023,342500,^
BROWN HILL,20356,2024,400000,
BROWN HILL,20356,2025,311000,
BULLA,20381,2016,315000,^
BULLA,20381,2017,315000,*
BULLA,20381,2018,342000,^
BULLA,20381,2019,342000,
BULLA,20381,2020,342000,
BULLA,20381,2021,510000,^
BULLA,20381,2022,510000,*
BULLA,20381,2023,300000,^
BULLA,20381,2024,682500,^
BULLA,20381,2025,330000,
BUNINYONG,20409,2015,190000,
BUNINYONG,20409,2016,192500,
BUNINYONG,20409,2017,225000,
BUNINYONG,20409,2018,232500,
BUNINYONG,20409,2019,275000,
BUNINYONG,20409,2020,296500,
BUNINYONG,20409,2021,298500,^
BUNINYONG,20409,2022,435000,
BUNINYONG,20409,2023,437500,^
BUNINYONG,20409,2024,300000,^
BUNINYONG,20409,2025,352500,
BUNYIP,20411,2015,154000,
BUNYIP,20411,2016,180000,
BUNYIP,20411,2017,241500,
BUNYIP,20411,2018,275000,
BUNYIP,20411,2019,280000,
BUNYIP,20411,2020,337500,
BUNYIP,20411,2021,300000,
BUNYIP,20411,2022,400000,^
BUNYIP,20411,2023,400000,^
BUNYIP,20411,2024,390000,^
BUNYIP,20411,2025,390000,
BURNSIDE,20419,2015,302500,
BURNSIDE,20419,2016,307500,
BURNSIDE,20419,2017,416000,
BURNSIDE,20419,2018,487000,
BURNSIDE,20419,2019,454500,
BURNSIDE,20419,2020,451500,
BURNSIDE,20419,2021,472500,
BURNSIDE,20419,2022,534000,
BURNSIDE,20419,2023,569000,
BURNSIDE,20419,2024,574000,
BURNSIDE,20419,2025,574000,
CAIRNLEA,20441,2015,339500,
CAIRNLEA,20441,2016,437500,
CAIRNLEA,20441,2017,480000,^
CAIRNLEA,20441,2018,582000,^
CAIRNLEA,20441,2019,642500,^
CAIRNLEA,20441,2020,340000,
CAIRNLEA,20441,2021,330000,
CAIRNLEA,20441,2022,330000,
CAIRNLEA,20441,2023,480000,^
CAIRNLEA,20441,2024,511000,^
CAIRNLEA,20441,2025,225500,
CAMPBELLS CREEK,20457,2015,119000,
CAMPBELLS CREEK,20457,2016,130000,
CAMPBELLS CREEK,20457,2017,135000,
CAMPBELLS CREEK,20457,2018,154500,
CAMPBELLS CREEK,20457,2019,200500,
CAMPBELLS CREEK,20457,2020,162000,
CAMPBELLS CREEK,20457,2021,215000,
CAMPBELLS CREEK,20457,2022,270000,
CAMPBELLS CREEK,20457,2023,285000,
CAMPBELLS CREEK,20457,2024,250000,
CAMPBELLS CREEK,20457,2025,249500,
CAPE PATERSON,20473,2015,224000,
CAPE PATERSON,20473,2016,220000,
CAPE PATERSON,20473,2017,280000,
CAPE PATERSON,20473,2018,250000,
CAPE PATERSON,20473,2019,250000,
CAPE PATERSON,20473,2020,280000,
CAPE PATERSON,20473,2021,362500,
CAPE PATERSON,20473,2022,660000,
CAPE PATERSON,20473,2023,1200000,^
CAPE PATERSON,20473,2024,450000,
CAPE PATERSON,20473,2025,417000,^
CARDIGAN,20485,2015,210000,
CARDIGAN,20485,2016,220000,
CARDIGAN,20485,2017,220000,
CARDIGAN,20485,2018,210000,
CARDIGAN,20485,2019,277500,
CARDIGAN,20485,2020,342000,
CARDIGAN,20485,2021,490000,
CARDIGAN,20485,2022,600000,
CARDIGAN,20485,2023,597500,
CARDIGAN,20485,2024,540000,
CARDIGAN,20485,2025,562000,
CASTLEMAINE,20516,2015,130000,
CASTLEMAINE,20516,2016,152500,
CASTLEMAINE,20516,2017,181000,
CASTLEMAINE,20516,2018,190000,
CASTLEMAINE,20516,2019,267500,
CASTLEMAINE,20516,2020,240000,
CASTLEMAINE,20516,2021,321000,
CASTLEMAINE,20516,2022,312500,
CASTLEMAINE,20516,2023,365000,
CASTLEMAINE,20516,2024,375000,^
CASTLEMAINE,20516,2025,377500,
CHARLEMONT,20533,2015,145000,
CHARLEMONT,20533,2016,161000,
CHARLEMONT,20533,2017,176500,
CHARLEMONT,20533,2018,214000,
CHARLEMONT,20533,2019,228000,
CHARLEMONT,20533,2020,249000,
CHARLEMONT,20533,2021,276000,
CHARLEMONT,20533,2022,338000,
CHARLEMONT,20533,2023,317500,
CHARLEMONT,20533,2024,318000,
CHARLEMONT,20533,2025,335000,
CHURCHILL,20561,2015,138000,^
CHURCHILL,20561,2016,144000,^
CHURCHILL,20561,2017,151500,
CHURCHILL,20561,2018,139500,
CHURCHILL,20561,2019,105000,^
CHURCHILL,20561,2020,110000,
CHURCHILL,20561,2021,122500,
CHURCHILL,20561,2022,160000,^
CHURCHILL,20561,2023,180000,
CHURCHILL,20561,2024,195000,
CHURCHILL,20561,2025,181500,
CLUNES,20580,2015,61000,
CLUNES,20580,2016,83500,^
CLUNES,20580,2017,81500,
CLUNES,20580,2018,120000,^
CLUNES,20580,2019,96500,
CLUNES,20580,2020,150000,^
CLUNES,20580,2021,172500,
CLUNES,20580,2022,210000,^
CLUNES,20580,2023,197000,
CLUNES,20580,2024,200000,
CLUNES,20580,2025,220000,
CLYDE,20581,2015,208000,
CLYDE,20581,2016,221000,
CLYDE,20581,2017,277000,
CLYDE,20581,2018,325000,
CLYDE,20581,2019,305000,
CLYDE,20581,2020,305000,
CLYDE,20581,2021,325000,
CLYDE,20581,2022,380000,
CLYDE,20581,2023,395000,
CLYDE,20581,2024,371000,
CLYDE,20581,2025,384000,
CLYDE NORTH,20582,2015,230000,
CLYDE NORTH,20582,2016,243000,
CLYDE NORTH,20582,2017,300000,
CLYDE NORTH,20582,2018,337500,
CLYDE NORTH,20582,2019,315000,
CLYDE NORTH,20582,2020,316500,
CLYDE NORTH,20582,2021,366000,
CLYDE NORTH,20582,2022,430000,
CLYDE NORTH,20582,2023,420000,
CLYDE NORTH,20582,2024,430000,
CLYDE NORTH,20582,2025,438000,
COBBLEBANK,20590,2015,140000,
COBBLEBANK,20590,2016,161000,
COBBLEBANK,20590,2017,186500,
COBBLEBANK,20590,2018,183000,
COBBLEBANK,20590,2019,252000,
COBBLEBANK,20590,2020,273000,
COBBLEBANK,20590,2021,273000,
COBBLEBANK,20590,2022,340000,
COBBLEBANK,20590,2023,250000,
COBBLEBANK,20590,2024,405000,
COBBLEBANK,20590,2025,299500,
COBRAM,20592,2015,78000,
COBRAM,20592,2016,80500,
COBRAM,20592,2017,81500,
COBRAM,20592,2018,100500,
COBRAM,20592,2019,104500,
COBRAM,20592,2020,114500,
COBRAM,20592,2021,159000,
COBRAM,20592,2022,165000,
COBRAM,20592,2023,200000,
COBRAM,20592,2024,210000,
COBRAM,20592,2025,210000,
COLAC,20607,2015,99000,
COLAC,20607,2016,97000,
COLAC,20607,2017,110000,
COLAC,20607,2018,150000,
COLAC,20607,2019,147500,
COLAC,20607,2020,155000,
COLAC,20607,2021,200000,
COLAC,20607,2022,297500,
COLAC,20607,2023,270000,^
COLAC,20607,2024,265000,
COLAC,20607,2025,247000,
COLDSTREAM,20613,2015,330000,^
COLDSTREAM,20613,2019,450000,^
COLDSTREAM,20613,2020,450000,*
COLDSTREAM,20613,2021,450000,*
COLDSTREAM,20613,2022,470000,
COLDSTREAM,20613,2023,460000,
COLDSTREAM,20613,2024,475000,
COLDSTREAM,20613,2025,450000,^
CORINELLA,20639,2015,149000,
CORINELLA,20639,2016,143000,
CORINELLA,20639,2017,145000,
CORINELLA,20639,2018,185000,
CORINELLA,20639,2019,200000,
CORINELLA,20639,2020,210000,
CORINELLA,20639,2021,280000,
CORINELLA,20639,2022,435000,
CORINELLA,20639,2023,640000,
CORINELLA,20639,2024,310000,^
CORINELLA,20639,2025,282500,
CORIO,20640,2015,170000,^
CORIO,20640,2016,152000,^
CORIO,20640,2017,148000,
CORIO,20640,2018,174000,
CORIO,20640,2019,217500,
CORIO,20640,2020,268000,
CORIO,20640,2021,296000,
CORIO,20640,2022,322000,
CORIO,20640,2023,289000,^
CORIO,20640,2024,330000,
CORIO,20640,2025,305000,
CRAIGIEBURN,20661,2015,230000,
CRAIGIEBURN,20661,2016,247500,
CRAIGIEBURN,20661,2017,303500,
CRAIGIEBURN,20661,2018,344000,
CRAIGIEBURN,20661,2019,279000,
CRAIGIEBURN,20661,2020,329000,
CRAIGIEBURN,20661,2021,380000,
CRAIGIEBURN,20661,2022,351000,
CRAIGIEBURN,20661,2023,321000,
CRAIGIEBURN,20661,2024,505000,
CRAIGIEBURN,20661,2025,510000,
CRANBOURNE,20662,2015,214000,
CRANBOURNE,20662,2016,210500,
CRANBOURNE,20662,2017,325000,
CRANBOURNE,20662,2018,381000,
CRANBOURNE,20662,2019,346000,
CRANBOURNE,20662,2020,326500,
CRANBOURNE,20662,2021,307000,
CRANBOURNE,20662,2022,529500,
CRANBOURNE,20662,2023,417500,
CRANBOURNE,20662,2024,468000,
CRANBOURNE,20662,2025,341000,
CRANBOURNE EAST,20663,2015,211000,
CRANBOURNE EAST,20663,2016,232000,
CRANBOURNE EAST,20663,2017,295000,
CRANBOURNE EAST,20663,2018,345000,
CRANBOURNE EAST,20663,2019,295000,
CRANBOURNE EAST,20663,2020,299000,
CRANBOURNE EAST,20663,2021,320000,
CRANBOURNE EAST,20663,2022,355000,
CRANBOURNE EAST,20663,2023,374000,
CRANBOURNE EAST,20663,2024,440000,
CRANBOURNE EAST,20663,2025,432500,
CRANBOURNE SOUTH,20665,2018,290000,
CRANBOURNE SOUTH,20665,2019,325000,
CRANBOURNE SOUTH,20665,2020,354500,
CRANBOURNE SOUTH,20665,2021,322500,
CRANBOURNE SOUTH,20665,2022,235500,
CRANBOURNE SOUTH,20665,2023,335000,
CRANBOURNE SOUTH,20665,2024,253000,
CRANBOURNE SOUTH,20665,2025,210000,
CRANBOURNE WEST,20666,2015,221000,
CRANBOURNE WEST,20666,2016,235500,
CRANBOURNE WEST,20666,2017,292000,
CRANBOURNE WEST,20666,2018,294500,
CRANBOURNE WEST,20666,2019,242500,
CRANBOURNE WEST,20666,2020,188500,
CRANBOURNE WEST,20666,2021,220500,
CRANBOURNE WEST,20666,2022,241000,
CRANBOURNE WEST,20666,2023,471000,
CRANBOURNE WEST,20666,2024,452000,
CRANBOURNE WEST,20666,2025,404500,
CRESWICK,20672,2015,109500,
CRESWICK,20672,2016,125500,
CRESWICK,20672,2017,110000,
CRESWICK,20672,2018,130000,
CRESWICK,20672,2019,135000,
CRESWICK,20672,2020,157500,
CRESWICK,20672,2021,185000,
CRESWICK,20672,2022,221000,^
CRESWICK,20672,2023,210000,^
CRESWICK,20672,2024,185000,
CRESWICK,20672,2025,218000,
CRIB POINT,20674,2015,190000,
CRIB POINT,20674,2016,183000,^
CRIB POINT,20674,2017,238000,^
CRIB POINT,20674,2018,295000,^
CRIB POINT,20674,2019,320000,^
CRIB POINT,20674,2020,355000,^
CRIB POINT,20674,2021,370000,
CRIB POINT,20674,2022,379000,^
CRIB POINT,20674,2023,444000,^
CRIB POINT,20674,2024,455000,^
CRIB POINT,20674,2025,470000,
CROYDON,20682,2015,425000,
CROYDON,20682,2016,357500,
CROYDON,20682,2017,400000,^
CROYDON,20682,2018,350000,
CROYDON,20682,2019,326000,
CROYDON,20682,2020,452000,
CROYDON,20682,2021,633500,
CROYDON,20682,2022,640000,^
CROYDON,20682,2023,900000,^
CROYDON,20682,2024,650000,^
CROYDON,20682,2025,790000,
DALYSTON,20706,2015,89500,
DALYSTON,20706,2016,89000,
DALYSTON,20706,2017,109000,
DALYSTON,20706,2018,122000,
DALYSTON,20706,2019,139000,
DALYSTON,20706,2020,169000,
DALYSTON,20706,2021,250000,
DALYSTON,20706,2022,309000,
DALYSTON,20706,2023,280000,^
DALYSTON,20706,2024,260000,
DALYSTON,20706,2025,204000,^
DARLEY,20712,2015,151500,
DARLEY,20712,2016,182000,
DARLEY,20712,2017,170000,
DARLEY,20712,2018,270000,
DARLEY,20712,2019,250000,
DARLEY,20712,2020,240000,
DARLEY,20712,2021,270000,
DARLEY,20712,2022,335000,
DARLEY,20712,2023,311500,
DARLEY,20712,2024,320000,
DARLEY,20712,2025,317500,
DAYLESFORD,20721,2015,150000,
DAYLESFORD,20721,2016,162500,
DAYLESFORD,20721,2017,170000,
DAYLESFORD,20721,2018,241000,
DAYLESFORD,20721,2019,226500,
DAYLESFORD,20721,2020,340000,
DAYLESFORD,20721,2021,386500,
DAYLESFORD,20721,2022,475000,
DAYLESFORD,20721,2023,392500,
DAYLESFORD,20721,2024,347500,
DAYLESFORD,20721,2025,375000,
DEANSIDE,20724,2017,351000,
DEANSIDE,20724,2018,340500,
DEANSIDE,20724,2019,235000,
DEANSIDE,20724,2020,310000,
DEANSIDE,20724,2021,334000,
DEANSIDE,20724,2022,367000,
DEANSIDE,20724,2023,356000,
DEANSIDE,20724,2024,370000,
DEANSIDE,20724,2025,385000,
DEER PARK,20729,2015,247500,
DEER PARK,20729,2016,194000,^
DEER PARK,20729,2017,500000,^
DEER PARK,20729,2018,357500,^
DEER PARK,20729,2019,352500,^
DEER PARK,20729,2020,462000,^
DEER PARK,20729,2021,599000,^
DEER PARK,20729,2022,222500,^
DEER PARK,20729,2023,602500,^
DEER PARK,20729,2024,595000,^
DEER PARK,20729,2025,565000,
DELACOMBE,20730,2015,135000,
DELACOMBE,20730,2016,130000,
DELACOMBE,20730,2017,137500,
DELACOMBE,20730,2018,150000,
DELACOMBE,20730,2019,169000,
DELACOMBE,20730,2020,182000,
DELACOMBE,20730,2021,310000,^
DELACOMBE,20730,2022,380000,
DELACOMBE,20730,2023,350000,^
DELACOMBE,20730,2024,260000,
DELACOMBE,20730,2025,282500,
DENNINGTON,20737,2015,123000,^
DENNINGTON,20737,2016,130000,^
DENNINGTON,20737,2017,125000,
DENNINGTON,20737,2018,124000,^
DENNINGTON,20737,2019,130000,
DENNINGTON,20737,2020,132000,
DENNINGTON,20737,2021,140000,
DENNINGTON,20737,2022,140000,
DENNINGTON,20737,2023,140000,^
DENNINGTON,20737,2024,195000,^
DENNINGTON,20737,2025,195000,
DIAMOND CREEK,20752,2015,375000,
DIAMOND CREEK,20752,2016,400000,
DIAMOND CREEK,20752,2017,430000,
DIAMOND CREEK,20752,2018,426000,
DIAMOND CREEK,20752,2019,425000,
DIAMOND CREEK,20752,2020,439000,
DIAMOND CREEK,20752,2021,487500,
DIAMOND CREEK,20752,2022,621500,
DIAMOND CREEK,20752,2023,564000,
DIAMOND CREEK,20752,2024,549000,
DIAMOND CREEK,20752,2025,520000,
DIGGERS REST,20754,2015,181000,
DIGGERS REST,20754,2016,196500,
DIGGERS REST,20754,2017,220000,
DIGGERS REST,20754,2018,280000,
DIGGERS REST,20754,2019,284000,
DIGGERS REST,20754,2020,278000,
DIGGERS REST,20754,2021,300000,
DIGGERS REST,20754,2022,335000,
DIGGERS REST,20754,2023,300000,
DIGGERS REST,20754,2024,310500,
DIGGERS REST,20754,2025,340000,
DIMBOOLA,20756,2015,25500,^
DIMBOOLA,20756,2016,28000,^
DIMBOOLA,20756,2017,27000,^
DIMBOOLA,20756,2018,25000,^
DIMBOOLA,20756,2019,24000,
DIMBOOLA,20756,2020,20000,^
DIMBOOLA,20756,2021,45000,^
DIMBOOLA,20756,2022,45000,^
DIMBOOLA,20756,2023,26000,^
DIMBOOLA,20756,2024,60000,^
DIMBOOLA,20756,2025,47000,
DONCASTER,20771,2015,795000,
DONCASTER,20771,2016,907500,
DONCASTER,20771,2017,1005000,
DONCASTER,20771,2018,1010000,
DONCASTER,20771,2019,1005000,
DONCASTER,20771,2020,1080000,
DONCASTER,20771,2021,1175000,
DONCASTER,20771,2022,1167500,^
DONCASTER,20771,2023,1225000,^
DONCASTER,20771,2024,1410000,^
DONCASTER,20771,2025,1457500,
DONNYBROOK,20773,2016,182000,
DONNYBROOK,20773,2017,255000,
DONNYBROOK,20773,2018,300000,
DONNYBROOK,20773,2019,277500,
DONNYBROOK,20773,2020,279000,
DONNYBROOK,20773,2021,298000,
DONNYBROOK,20773,2022,334000,
DONNYBROOK,20773,2023,320000,
DONNYBROOK,20773,2024,333500,
DONNYBROOK,20773,2025,351500,
DOREEN,20779,2015,199000,
DOREEN,20779,2016,210000,
DOREEN,20779,2017,245000,
DOREEN,20779,2018,330000,
DOREEN,20779,2019,312500,
DOREEN,20779,2020,322500,
DOREEN,20779,2021,360000,
DOREEN,20779,2022,387000,
DOREEN,20779,2023,428000,
DOREEN,20779,2024,390000,
DOREEN,20779,2025,365000,
DROMANA,20788,2015,294000,
DROMANA,20788,2016,420000,
DROMANA,20788,2017,475000,
DROMANA,20788,2018,557500,
DROMANA,20788,2019,400000,
DROMANA,20788,2020,542500,
DROMANA,20788,2021,690000,
DROMANA,20788,2022,895000,
DROMANA,20788,2023,779000,^
DROMANA,20788,2024,790000,
DROMANA,20788,2025,725000,
DROUIN,20790,2015,125000,
DROUIN,20790,2016,136500,
DROUIN,20790,2017,165000,
DROUIN,20790,2018,210000,
DROUIN,20790,2019,205000,
DROUIN,20790,2020,220000,
DROUIN,20790,2021,275000,
DROUIN,20790,2022,340000,
DROUIN,20790,2023,335000,
DROUIN,20790,2024,355000,
DROUIN,20790,2025,339500,
DRYSDALE,20802,2015,164500,
DRYSDALE,20802,2016,157000,
DRYSDALE,20802,2017,180000,
DRYSDALE,20802,2018,230000,
DRYSDALE,20802,2019,290000,
DRYSDALE,20802,2020,250000,
DRYSDALE,20802,2021,273000,
DRYSDALE,20802,2022,370000,
DRYSDALE,20802,2023,410000,^
DRYSDALE,20802,2024,630000,^
DRYSDALE,20802,2025,335000,
EAGLE POINT,20822,2015,162000,
EAGLE POINT,20822,2016,115000,
EAGLE POINT,20822,2017,108000,
EAGLE POINT,20822,2018,138000,
EAGLE POINT,20822,2019,132000,
EAGLE POINT,20822,2020,122500,
EAGLE POINT,20822,2021,169000,
EAGLE POINT,20822,2022,255000,
EAGLE POINT,20822,2023,307500,
EAGLE POINT,20822,2024,223000,^
EAGLE POINT,20822,2025,225000,
EAGLEHAWK,20823,2015,115000,
EAGLEHAWK,20823,2016,108000,
EAGLEHAWK,20823,2017,100000,
EAGLEHAWK,20823,2018,100000,
EAGLEHAWK,20823,2019,115000,^
EAGLEHAWK,20823,2020,119500,
EAGLEHAWK,20823,2021,160000,
EAGLEHAWK,20823,2022,240000,
EAGLEHAWK,20823,2023,286000,^
EAGLEHAWK,20823,2024,287500,^
EAGLEHAWK,20823,2025,265000,
EAST BAIRNSDALE,20827,2015,70000,^
EAST BAIRNSDALE,20827,2016,82500,^
EAST BAIRNSDALE,20827,2017,82500,^
EAST BAIRNSDALE,20827,2018,71000,^
EAST BAIRNSDALE,20827,2019,71000,*
EAST BAIRNSDALE,20827,2020,74500,
EAST BAIRNSDALE,20827,2021,127500,
EAST BAIRNSDALE,20827,2022,143000,
EAST BAIRNSDALE,20827,2023,130000,^
EAST BAIRNSDALE,20827,2024,135000,
EAST BAIRNSDALE,20827,2025,139000,
ECHUCA,20838,2015,140000,
ECHUCA,20838,2016,144500,
ECHUCA,20838,2017,150500,
ECHUCA,20838,2018,154000,
ECHUCA,20838,2019,150500,
ECHUCA,20838,2020,156000,
ECHUCA,20838,2021,240000,
ECHUCA,20838,2022,259500,
ECHUCA,20838,2023,262000,
ECHUCA,20838,2024,262000,
ECHUCA,20838,2025,264000,
ELLIMINYT,20859,2015,123000,
ELLIMINYT,20859,2016,135000,
ELLIMINYT,20859,2017,140000,
ELLIMINYT,20859,2018,150000,
ELLIMINYT,20859,2019,155000,
ELLIMINYT,20859,2020,170000,
ELLIMINYT,20859,2021,205000,^
ELLIMINYT,20859,2022,315000,^
ELLIMINYT,20859,2023,295000,^
ELLIMINYT,20859,2024,307500,^
ELLIMINYT,20859,2025,277500,
EPPING,20878,2015,220000,
EPPING,20878,2016,275000,
EPPING,20878,2017,245000,
EPPING,20878,2018,316000,
EPPING,20878,2019,240000,
EPPING,20878,2020,320000,
EPPING,20878,2021,349000,
EPPING,20878,2022,327000,
EPPING,20878,2023,427500,
EPPING,20878,2024,375000,
EPPING,20878,2025,432000,
EPSOM,20879,2015,125000,
EPSOM,20879,2016,118000,
EPSOM,20879,2017,116500,
EPSOM,20879,2018,133000,
EPSOM,20879,2019,135000,
EPSOM,20879,2020,151000,
EPSOM,20879,2021,183000,
EPSOM,20879,2022,350000,
EPSOM,20879,2023,262500,^
EPSOM,20879,2024,300000,
EPSOM,20879,2025,310000,
EYNESBURY,20899,2015,165000,
EYNESBURY,20899,2016,180000,
EYNESBURY,20899,2017,246500,
EYNESBURY,20899,2018,287500,
EYNESBURY,20899,2019,263500,
EYNESBURY,20899,2020,273000,
EYNESBURY,20899,2021,300000,
EYNESBURY,20899,2022,349500,
EYNESBURY,20899,2023,406000,
EYNESBURY,20899,2024,460000,
EYNESBURY,20899,2025,360000,
FRANKSTON SOUTH,20949,2015,460000,^
FRANKSTON SOUTH,20949,2016,584000,^
FRANKSTON SOUTH,20949,2017,616000,^
FRANKSTON SOUTH,20949,2018,815000,^
FRANKSTON SOUTH,20949,2019,500000,^
FRANKSTON SOUTH,20949,2020,685000,^
FRANKSTON SOUTH,20949,2021,800000,
FRANKSTON SOUTH,20949,2022,756000,
FRANKSTON SOUTH,20949,2023,731000,
FRANKSTON SOUTH,20949,2024,824500,
FRANKSTON SOUTH,20949,2025,817000,^
FRASER RISE,20950,2015,257000,
FRASER RISE,20950,2016,265000,
FRASER RISE,20950,2017,298000,
FRASER RISE,20950,2018,338500,
FRASER RISE,20950,2019,302000,
FRASER RISE,20950,2020,317500,
FRASER RISE,20950,2021,342000,
FRASER RISE,20950,2022,375000,
FRASER RISE,20950,2023,369000,
FRASER RISE,20950,2024,357500,
FRASER RISE,20950,2025,370000,
FYANSFORD,20960,2015,240000,
FYANSFORD,20960,2016,275000,
FYANSFORD,20960,2017,258500,
FYANSFORD,20960,2018,320000,
FYANSFORD,20960,2019,356000,
FYANSFORD,20960,2020,390000,
FYANSFORD,20960,2021,398000,
FYANSFORD,20960,2022,492000,
FYANSFORD,20960,2023,482500,
FYANSFORD,20960,2024,457500,
FYANSFORD,20960,2025,447500,
GISBORNE,21001,2015,245000,
GISBORNE,21001,2016,285000,
GISBORNE,21001,2017,298000,
GISBORNE,21001,2018,410000,
GISBORNE,21001,2019,394000,
GISBORNE,21001,2020,363500,
GISBORNE,21001,2021,403000,
GISBORNE,21001,2022,433500,
GISBORNE,21001,2023,478000,
GISBORNE,21001,2024,432000,
GISBORNE,21001,2025,452500,
GLENGARRY,21025,2016,180000,^
GLENGARRY,21025,2017,145000,^
GLENGARRY,21025,2018,177000,^
GLENGARRY,21025,2019,242500,^
GLENGARRY,21025,2020,185000,^
GLENGARRY,21025,2021,199000,
GLENGARRY,21025,2022,271500,
GLENGARRY,21025,2023,289000,
GLENGARRY,21025,2024,280000,
GLENGARRY,21025,2025,292000,
GOLDEN BEACH,21054,2015,46000,
GOLDEN BEACH,21054,2016,47000,
GOLDEN BEACH,21054,2017,45000,
GOLDEN BEACH,21054,2018,50500,
GOLDEN BEACH,21054,2019,52000,
GOLDEN BEACH,21054,2020,53500,
GOLDEN BEACH,21054,2021,97500,
GOLDEN BEACH,21054,2022,150000,
GOLDEN BEACH,21054,2023,137500,
GOLDEN BEACH,21054,2024,110000,
GOLDEN BEACH,21054,2025,125000,
GOLDEN SQUARE,21058,2015,178500,
GOLDEN SQUARE,21058,2016,175000,
GOLDEN SQUARE,21058,2017,173500,
GOLDEN SQUARE,21058,2018,137500,
GOLDEN SQUARE,21058,2019,161000,
GOLDEN SQUARE,21058,2020,168000,
GOLDEN SQUARE,21058,2021,190000,
GOLDEN SQUARE,21058,2022,255000,
GOLDEN SQUARE,21058,2023,265000,^
GOLDEN SQUARE,21058,2024,260000,
GOLDEN SQUARE,21058,2025,275000,
GREENVALE,21105,2015,260000,
GREENVALE,21105,2016,292000,
GREENVALE,21105,2017,342000,
GREENVALE,21105,2018,415500,
GREENVALE,21105,2019,375000,
GREENVALE,21105,2020,381000,
GREENVALE,21105,2021,418000,
GREENVALE,21105,2022,426500,
GREENVALE,21105,2023,400000,
GREENVALE,21105,2024,379000,
GREENVALE,21105,2025,483000,
HAMPTON PARK,21133,2015,185500,
HAMPTON PARK,21133,2016,199500,
HAMPTON PARK,21133,2017,214500,
HAMPTON PARK,21133,2018,512500,^
HAMPTON PARK,21133,2019,250000,
HAMPTON PARK,21133,2020,265000,
HAMPTON PARK,21133,2021,324500,
HAMPTON PARK,21133,2022,350000,^
HAMPTON PARK,21133,2023,355000,^
HAMPTON PARK,21133,2024,395000,^
HAMPTON PARK,21133,2025,420000,
HARKNESS,21140,2015,143500,
HARKNESS,21140,2016,150000,
HARKNESS,21140,2017,176000,
HARKNESS,21140,2018,194000,
HARKNESS,21140,2019,230000,
HARKNESS,21140,2020,240000,
HARKNESS,21140,2021,256000,
HARKNESS,21140,2022,288500,
HARKNESS,21140,2023,307500,
HARKNESS,21140,2024,280000,
HARKNESS,21140,2025,296000,
HEATHCOTE,21160,2015,110000,^
HEATHCOTE,21160,2016,105000,^
HEATHCOTE,21160,2017,103500,^
HEATHCOTE,21160,2018,85000,
HEATHCOTE,21160,2019,120000,
HEATHCOTE,21160,2020,123000,
HEATHCOTE,21160,2021,159500,
HEATHCOTE,21160,2022,242500,^
HEATHCOTE,21160,2023,210000,^
HEATHCOTE,21160,2024,169500,^
HEATHCOTE,21160,2025,186000,
HEYFIELD,21179,2015,120000,^
HEYFIELD,21179,2016,110000,^
HEYFIELD,21179,2017,115000,^
HEYFIELD,21179,2018,115000,*
HEYFIELD,21179,2019,89000,^
HEYFIELD,21179,2020,112500,^
HEYFIELD,21179,2021,135000,^
HEYFIELD,21179,2022,167500,^
HEYFIELD,21179,2023,217000,^
HEYFIELD,21179,2024,187500,^
HEYFIELD,21179,2025,129000,
HIGHTON,21187,2015,250000,
HIGHTON,21187,2016,260000,
HIGHTON,21187,2017,260000,
HIGHTON,21187,2018,284000,
HIGHTON,21187,2019,300000,
HIGHTON,21187,2020,325000,
HIGHTON,21187,2021,324000,
HIGHTON,21187,2022,517500,
HIGHTON,21187,2023,400000,
HIGHTON,21187,2024,400000,
HIGHTON,21187,2025,410000,
HORSHAM,21206,2015,106000,
HORSHAM,21206,2016,102000,
HORSHAM,21206,2017,117000,
HORSHAM,21206,2018,112000,
HORSHAM,21206,2019,115000,
HORSHAM,21206,2020,124000,
HORSHAM,21206,2021,149000,
HORSHAM,21206,2022,200000,
HORSHAM,21206,2023,192000,
HORSHAM,21206,2024,202500,
HORSHAM,21206,2025,169500,
HUNTLY,21219,2015,115000,
HUNTLY,21219,2016,113000,
HUNTLY,21219,2017,115000,
HUNTLY,21219,2018,117000,
HUNTLY,21219,2019,130000,
HUNTLY,21219,2020,130000,
HUNTLY,21219,2021,180000,
HUNTLY,21219,2022,232000,
HUNTLY,21219,2023,244000,
HUNTLY,21219,2024,250000,
HUNTLY,21219,2025,236000,
INVERLOCH,21235,2015,200000,
INVERLOCH,21235,2016,205000,
INVERLOCH,21235,2017,259000,
INVERLOCH,21235,2018,262500,
INVERLOCH,21235,2019,290000,
INVERLOCH,21235,2020,337000,
INVERLOCH,21235,2021,422500,
INVERLOCH,21235,2022,505000,
INVERLOCH,21235,2023,610000,
INVERLOCH,21235,2024,430000,
INVERLOCH,21235,2025,477500,
INVERMAY PARK,21237,2018,201000,^
INVERMAY PARK,21237,2019,280000,
INVERMAY PARK,21237,2020,260000,
INVERMAY PARK,21237,2021,295000,
INVERMAY PARK,21237,2022,295000,*
INVERMAY PARK,21237,2023,394000,^
INVERMAY PARK,21237,2024,375000,^
INVERMAY PARK,21237,2025,365000,
IRYMPLE,21245,2015,115000,
IRYMPLE,21245,2016,99500,
IRYMPLE,21245,2017,115000,
IRYMPLE,21245,2018,131500,
IRYMPLE,21245,2019,138000,
IRYMPLE,21245,2020,139000,
IRYMPLE,21245,2021,160000,
IRYMPLE,21245,2022,173000,
IRYMPLE,21245,2023,175000,
IRYMPLE,21245,2024,175000,
IRYMPLE,21245,2025,185000,
JACKASS FLAT,21250,2015,128000,
JACKASS FLAT,21250,2016,130000,
JACKASS FLAT,21250,2017,133000,
JACKASS FLAT,21250,2018,135000,
JACKASS FLAT,21250,2019,138000,
JACKASS FLAT,21250,2020,139500,
JACKASS FLAT,21250,2021,164500,
JACKASS FLAT,21250,2022,278500,^
JACKASS FLAT,21250,2023,275000,
JACKASS FLAT,21250,2024,275000,
JACKASS FLAT,21250,2025,262500,
JUNCTION VILLAGE,21277,2015,205000,^
JUNCTION VILLAGE,21277,2019,457000,
JUNCTION VILLAGE,21277,2020,337000,
JUNCTION VILLAGE,21277,2021,381500,
JUNCTION VILLAGE,21277,2022,437000,
JUNCTION VILLAGE,21277,2023,420000,
JUNCTION VILLAGE,21277,2024,410000,
JUNCTION VILLAGE,21277,2025,420000,
JUNORTOUN,21279,2015,207500,
JUNORTOUN,21279,2016,194500,
JUNORTOUN,21279,2017,195000,
JUNORTOUN,21279,2018,180000,
JUNORTOUN,21279,2019,195000,
JUNORTOUN,21279,2020,197500,
JUNORTOUN,21279,2021,230000,
JUNORTOUN,21279,2022,365000,^
JUNORTOUN,21279,2023,432500,^
JUNORTOUN,21279,2024,520000,^
JUNORTOUN,21279,2025,500000,
KALKALLO,21284,2015,181000,
KALKALLO,21284,2016,202000,
KALKALLO,21284,2017,268000,
KALKALLO,21284,2018,325000,
KALKALLO,21284,2019,285500,
KALKALLO,21284,2020,286000,
KALKALLO,21284,2021,305000,
KALKALLO,21284,2022,346000,
KALKALLO,21284,2023,335000,
KALKALLO,21284,2024,315000,
KALKALLO,21284,2025,366500,
KANGAROO FLAT,21293,2015,135500,
KANGAROO FLAT,21293,2016,140000,
KANGAROO FLAT,21293,2017,135000,
KANGAROO FLAT,21293,2018,139000,
KANGAROO FLAT,21293,2019,136000,
KANGAROO FLAT,21293,2020,170000,
KANGAROO FLAT,21293,2021,175000,
KANGAROO FLAT,21293,2022,300000,
KANGAROO FLAT,21293,2023,269500,^
KANGAROO FLAT,21293,2024,215000,
KANGAROO FLAT,21293,2025,307000,
KENNINGTON,21326,2015,302500,^
KENNINGTON,21326,2016,221500,^
KENNINGTON,21326,2017,170000,^
KENNINGTON,21326,2018,139000,^
KENNINGTON,21326,2019,270000,^
KENNINGTON,21326,2020,220000,^
KENNINGTON,21326,2021,235000,
KENNINGTON,21326,2022,360000,^
KENNINGTON,21326,2023,325000,^
KENNINGTON,21326,2024,220000,^
KENNINGTON,21326,2025,340000,
KEYSBOROUGH,21339,2015,370000,
KEYSBOROUGH,21339,2016,553000,
KEYSBOROUGH,21339,2017,565000,
KEYSBOROUGH,21339,2018,560000,
KEYSBOROUGH,21339,2019,545500,
KEYSBOROUGH,21339,2020,645000,
KEYSBOROUGH,21339,2021,675000,
KEYSBOROUGH,21339,2022,847500,
KEYSBOROUGH,21339,2023,1020000,^
KEYSBOROUGH,21339,2024,792500,
KEYSBOROUGH,21339,2025,1010000,^
KIALLA,21340,2015,126000,
KIALLA,21340,2016,130000,
KIALLA,21340,2017,128000,
KIALLA,21340,2018,131500,
KIALLA,21340,2019,136000,
KIALLA,21340,2020,149000,
KIALLA,21340,2021,175000,
KIALLA,21340,2022,235000,
KIALLA,21340,2023,285000,
KIALLA,21340,2024,261000,
KIALLA,21340,2025,257000,
KILMORE,21352,2015,105000,
KILMORE,21352,2016,112500,
KILMORE,21352,2017,129500,
KILMORE,21352,2018,200000,
KILMORE,21352,2019,230000,
KILMORE,21352,2020,240000,
KILMORE,21352,2021,270000,
KILMORE,21352,2022,320000,
KILMORE,21352,2023,336000,
KILMORE,21352,2024,335000,
KILMORE,21352,2025,310000,
KOO WEE RUP,21380,2015,200000,
KOO WEE RUP,21380,2016,225000,
KOO WEE RUP,21380,2017,254000,
KOO WEE RUP,21380,2018,299000,
KOO WEE RUP,21380,2019,300000,
KOO WEE RUP,21380,2020,320000,
KOO WEE RUP,21380,2021,325000,
KOO WEE RUP,21380,2022,400000,
KOO WEE RUP,21380,2023,415000,^
KOO WEE RUP,21380,2024,385000,^
KOO WEE RUP,21380,2025,421000,
KORUMBURRA,21399,2015,110000,
KORUMBURRA,21399,2016,123000,
KORUMBURRA,21399,2017,129000,
KORUMBURRA,21399,2018,150000,
KORUMBURRA,21399,2019,180000,
KORUMBURRA,21399,2020,201500,
KORUMBURRA,21399,2021,215000,
KORUMBURRA,21399,2022,300000,
KORUMBURRA,21399,2023,250000,
KORUMBURRA,21399,2024,277500,
KORUMBURRA,21399,2025,255000,
KURUNJANG,21411,2015,130000,
KURUNJANG,21411,2016,132500,
KURUNJANG,21411,2017,150500,
KURUNJANG,21411,2018,227500,
KURUNJANG,21411,2019,250000,
KURUNJANG,21411,2020,251000,
KURUNJANG,21411,2021,275000,
KURUNJANG,21411,2022,700000,^
KURUNJANG,21411,2023,250000,^
KURUNJANG,21411,2024,341000,^
KURUNJANG,21411,2025,470000,
KYABRAM,21412,2015,110000,^
KYABRAM,21412,2016,115000,
KYABRAM,21412,2017,115000,^
KYABRAM,21412,2018,114000,
KYABRAM,21412,2019,124000,
KYABRAM,21412,2020,125000,
KYABRAM,21412,2021,150000,
KYABRAM,21412,2022,169000,
KYABRAM,21412,2023,202000,
KYABRAM,21412,2024,195000,
KYABRAM,21412,2025,187500,
KYNETON,21414,2015,178500,
KYNETON,21414,2016,195000,
KYNETON,21414,2017,211000,
KYNETON,21414,2018,230000,
KYNETON,21414,2019,311500,^
KYNETON,21414,2020,314000,
KYNETON,21414,2021,329000,
KYNETON,21414,2022,379000,
KYNETON,21414,2023,390000,^
KYNETON,21414,2024,380000,
KYNETON,21414,2025,370000,
LAKES ENTRANCE,21449,2015,79500,
LAKES ENTRANCE,21449,2016,98000,
LAKES ENTRANCE,21449,2017,101000,
LAKES ENTRANCE,21449,2018,96500,
LAKES ENTRANCE,21449,2019,96500,
LAKES ENTRANCE,21449,2020,125000,
LAKES ENTRANCE,21449,2021,185000,
LAKES ENTRANCE,21449,2022,249000,
LAKES ENTRANCE,21449,2023,232500,
LAKES ENTRANCE,21449,2024,218000,
LAKES ENTRANCE,21449,2025,190000,
LANGWARRIN,21467,2015,250000,
LANGWARRIN,21467,2016,365500,
LANGWARRIN,21467,2017,297500,
LANGWARRIN,21467,2018,353500,^
LANGWARRIN,21467,2019,407500,
LANGWARRIN,21467,2020,405000,
LANGWARRIN,21467,2021,350000,
LANGWARRIN,21467,2022,645000,^
LANGWARRIN,21467,2023,360000,^
LANGWARRIN,21467,2024,529500,^
LANGWARRIN,21467,2025,427000,
LARA,21469,2015,195000,
LARA,21469,2016,194000,
LARA,21469,2017,225000,
LARA,21469,2018,260500,
LARA,21469,2019,267000,
LARA,21469,2020,267000,
LARA,21469,2021,295000,
LARA,21469,2022,341000,
LARA,21469,2023,370000,
LARA,21469,2024,372000,
LARA,21469,2025,327000,
LENEVA,21488,2015,112500,
LENEVA,21488,2016,148000,
LENEVA,21488,2017,142500,
LENEVA,21488,2018,135000,
LENEVA,21488,2019,147000,
LENEVA,21488,2020,150000,
LENEVA,21488,2021,178000,
LENEVA,21488,2022,232000,
LENEVA,21488,2023,225000,
LENEVA,21488,2024,215000,
LENEVA,21488,2025,219000,
LEONGATHA,21490,2015,140500,
LEONGATHA,21490,2016,152500,
LEONGATHA,21490,2017,135000,
LEONGATHA,21490,2018,165000,
LEONGATHA,21490,2019,185000,
LEONGATHA,21490,2020,207500,
LEONGATHA,21490,2021,252500,
LEONGATHA,21490,2022,275000,
LEONGATHA,21490,2023,340000,
LEONGATHA,21490,2024,316500,
LEONGATHA,21490,2025,265000,
LEOPOLD,21493,2015,178000,
LEOPOLD,21493,2016,179000,
LEOPOLD,21493,2017,225000,
LEOPOLD,21493,2018,241500,
LEOPOLD,21493,2019,275000,
LEOPOLD,21493,2020,269000,
LEOPOLD,21493,2021,276500,
LEOPOLD,21493,2022,360500,
LEOPOLD,21493,2023,370000,
LEOPOLD,21493,2024,341500,
LEOPOLD,21493,2025,350000,
LILYDALE,21504,2015,290000,
LILYDALE,21504,2016,388000,
LILYDALE,21504,2017,352500,
LILYDALE,21504,2018,516000,
LILYDALE,21504,2019,490000,
LILYDALE,21504,2020,490000,
LILYDALE,21504,2021,542500,
LILYDALE,21504,2022,621500,
LILYDALE,21504,2023,645000,
LILYDALE,21504,2024,680000,
LILYDALE,21504,2025,665500,^
LOCH SPORT,21524,2015,53000,
LOCH SPORT,21524,2016,40000,
LOCH SPORT,21524,2017,42500,
LOCH SPORT,21524,2018,48500,
LOCH SPORT,21524,2019,60000,
LOCH SPORT,21524,2020,55000,
LOCH SPORT,21524,2021,100000,
LOCH SPORT,21524,2022,134000,
LOCH SPORT,21524,2023,125000,
LOCH SPORT,21524,2024,123000,
LOCH SPORT,21524,2025,90000,
LONGWARRY,21538,2015,123000,^
LONGWARRY,21538,2016,134000,^
LONGWARRY,21538,2017,160000,
LONGWARRY,21538,2018,200000,
LONGWARRY,21538,2019,227500,^
LONGWARRY,21538,2020,211500,
LONGWARRY,21538,2021,226000,
LONGWARRY,21538,2022,400000,^
LONGWARRY,21538,2023,312500,
LONGWARRY,21538,2024,246500,
LONGWARRY,21538,2025,320000,
LUCAS,21550,2015,129000,
LUCAS,21550,2016,140000,
LUCAS,21550,2017,145500,
LUCAS,21550,2018,169500,
LUCAS,21550,2019,190000,
LUCAS,21550,2020,210000,
LUCAS,21550,2021,265000,
LUCAS,21550,2022,330000,
LUCAS,21550,2023,315000,
LUCAS,21550,2024,315000,
LUCAS,21550,2025,300000,
LUCKNOW,21551,2015,90000,^
LUCKNOW,21551,2016,81500,^
LUCKNOW,21551,2017,113000,^
LUCKNOW,21551,2018,112500,
LUCKNOW,21551,2019,115000,
LUCKNOW,21551,2020,115000,
LUCKNOW,21551,2021,128000,
LUCKNOW,21551,2022,165000,
LUCKNOW,21551,2023,175000,
LUCKNOW,21551,2024,180000,
LUCKNOW,21551,2025,186500,
MADDINGLEY,21569,2015,156000,
MADDINGLEY,21569,2016,153000,
MADDINGLEY,21569,2017,174500,
MADDINGLEY,21569,2018,209000,
MADDINGLEY,21569,2019,231000,
MADDINGLEY,21569,2020,239500,
MADDINGLEY,21569,2021,265000,
MADDINGLEY,21569,2022,315000,
MADDINGLEY,21569,2023,313000,
MADDINGLEY,21569,2024,301000,
MADDINGLEY,21569,2025,308000,
MAFFRA,21571,2015,109000,
MAFFRA,21571,2016,111500,
MAFFRA,21571,2017,113000,
MAFFRA,21571,2018,109000,
MAFFRA,21571,2019,117000,
MAFFRA,21571,2020,125000,
MAFFRA,21571,2021,150000,
MAFFRA,21571,2022,170000,
MAFFRA,21571,2023,220000,^
MAFFRA,21571,2024,225000,
MAFFRA,21571,2025,215000,
MAIDEN GULLY,21574,2015,159500,
MAIDEN GULLY,21574,2016,171000,
MAIDEN GULLY,21574,2017,165000,
MAIDEN GULLY,21574,2018,159500,
MAIDEN GULLY,21574,2019,182500,
MAIDEN GULLY,21574,2020,189500,
MAIDEN GULLY,21574,2021,285000,
MAIDEN GULLY,21574,2022,395000,
MAIDEN GULLY,21574,2023,355000,
MAIDEN GULLY,21574,2024,343000,
MAIDEN GULLY,21574,2025,340000,
MAMBOURIN,21588,2017,365000,^
MAMBOURIN,21588,2018,295000,
MAMBOURIN,21588,2019,291500,
MAMBOURIN,21588,2020,292000,
MAMBOURIN,21588,2021,303500,
MAMBOURIN,21588,2022,340000,
MAMBOURIN,21588,2023,360000,
MAMBOURIN,21588,2024,308500,
MAMBOURIN,21588,2025,284000,
MANOR LAKES,21597,2015,182500,
MANOR LAKES,21597,2016,201000,
MANOR LAKES,21597,2017,250500,
MANOR LAKES,21597,2018,300000,
MANOR LAKES,21597,2019,307500,
MANOR LAKES,21597,2020,307500,
MANOR LAKES,21597,2021,329000,
MANOR LAKES,21597,2022,349000,
MANOR LAKES,21597,2023,385000,
MANOR LAKES,21597,2024,360000,
MANOR LAKES,21597,2025,355000,
MANSFIELD,21599,2015,160000,
MANSFIELD,21599,2016,180000,
MANSFIELD,21599,2017,172500,
MANSFIELD,21599,2018,171000,
MANSFIELD,21599,2019,171000,
MANSFIELD,21599,2020,185000,
MANSFIELD,21599,2021,305000,
MANSFIELD,21599,2022,380000,
MANSFIELD,21599,2023,357500,
MANSFIELD,21599,2024,367500,
MANSFIELD,21599,2025,360000,
MARONG,21612,2015,113000,^
MARONG,21612,2016,137500,^
MARONG,21612,2017,128000,
MARONG,21612,2018,134000,
MARONG,21612,2019,137000,
MARONG,21612,2020,146000,
MARONG,21612,2021,260000,
MARONG,21612,2022,271000,
MARONG,21612,2023,273000,
MARONG,21612,2024,272000,
MARONG,21612,2025,269000,
MARYBOROUGH,21618,2015,76000,
MARYBOROUGH,21618,2016,90000,
MARYBOROUGH,21618,2017,85000,
MARYBOROUGH,21618,2018,83000,
MARYBOROUGH,21618,2019,99000,
MARYBOROUGH,21618,2020,98000,
MARYBOROUGH,21618,2021,101000,
MARYBOROUGH,21618,2022,143000,
MARYBOROUGH,21618,2023,155000,
MARYBOROUGH,21618,2024,140000,
MARYBOROUGH,21618,2025,175000,
MELTON SOUTH,21643,2015,150000,
MELTON SOUTH,21643,2016,160000,
MELTON SOUTH,21643,2017,195000,
MELTON SOUTH,21643,2018,233000,
MELTON SOUTH,21643,2019,230000,
MELTON SOUTH,21643,2020,229000,
MELTON SOUTH,21643,2021,245000,
MELTON SOUTH,21643,2022,320000,
MELTON SOUTH,21643,2023,320000,
MELTON SOUTH,21643,2024,310000,
MELTON SOUTH,21643,2025,326500,
MERBEIN,21653,2015,42500,^
MERBEIN,21653,2016,57000,^
MERBEIN,21653,2017,77000,^
MERBEIN,21653,2018,81000,
MERBEIN,21653,2019,82500,^
MERBEIN,21653,2020,90000,^
MERBEIN,21653,2021,90000,
MERBEIN,21653,2022,118000,^
MERBEIN,21653,2023,130000,
MERBEIN,21653,2024,122500,
MERBEIN,21653,2025,107500,
MERNDA,21659,2015,191000,
MERNDA,21659,2016,217000,
MERNDA,21659,2017,244000,
MERNDA,21659,2018,304000,
MERNDA,21659,2019,285000,
MERNDA,21659,2020,328000,
MERNDA,21659,2021,325000,
MERNDA,21659,2022,381000,
MERNDA,21659,2023,394000,
MERNDA,21659,2024,418000,
MERNDA,21659,2025,410000,
METUNG,21673,2015,65000,
METUNG,21673,2016,65000,
METUNG,21673,2017,126500,
METUNG,21673,2018,120000,
METUNG,21673,2019,115000,
METUNG,21673,2020,115000,
METUNG,21673,2021,180000,
METUNG,21673,2022,310000,
METUNG,21673,2023,265000,
METUNG,21673,2024,215000,
METUNG,21673,2025,215000,
MICKLEHAM,21675,2015,187000,
MICKLEHAM,21675,2016,202000,
MICKLEHAM,21675,2017,258000,
MICKLEHAM,21675,2018,295500,
MICKLEHAM,21675,2019,284500,
MICKLEHAM,21675,2020,291000,
MICKLEHAM,21675,2021,328000,
MICKLEHAM,21675,2022,378000,
MICKLEHAM,21675,2023,361000,
MICKLEHAM,21675,2024,360000,
MICKLEHAM,21675,2025,403500,
MILDURA,21682,2015,95500,
MILDURA,21682,2016,96000,
MILDURA,21682,2017,108000,
MILDURA,21682,2018,131000,
MILDURA,21682,2019,135000,
MILDURA,21682,2020,135000,
MILDURA,21682,2021,155000,
MILDURA,21682,2022,178000,
MILDURA,21682,2023,182000,
MILDURA,21682,2024,182000,
MILDURA,21682,2025,182000,
MINERS REST,21691,2015,130000,
MINERS REST,21691,2016,132000,
MINERS REST,21691,2017,133000,
MINERS REST,21691,2018,136000,
MINERS REST,21691,2019,156000,
MINERS REST,21691,2020,206000,
MINERS REST,21691,2021,241500,
MINERS REST,21691,2022,80000,^
MINERS REST,21691,2023,80000,^
MINERS REST,21691,2024,80000,
MINERS REST,21691,2025,267000,^
MOE,21716,2015,122000,
MOE,21716,2016,129000,
MOE,21716,2017,121500,
MOE,21716,2018,124000,
MOE,21716,2019,129000,
MOE,21716,2020,147000,
MOE,21716,2021,180000,
MOE,21716,2022,200500,
MOE,21716,2023,210000,
MOE,21716,2024,215000,
MOE,21716,2025,229000,
MOOROOLBARK,21755,2015,321000,
MOOROOLBARK,21755,2016,325000,
MOOROOLBARK,21755,2017,372500,
MOOROOLBARK,21755,2018,391000,
MOOROOLBARK,21755,2019,355000,
MOOROOLBARK,21755,2020,368500,
MOOROOLBARK,21755,2021,405000,
MOOROOLBARK,21755,2022,430500,^
MOOROOLBARK,21755,2023,455000,^
MOOROOLBARK,21755,2024,472500,^
MOOROOLBARK,21755,2025,406000,
MOOROOPNA,21756,2015,100000,
MOOROOPNA,21756,2016,106000,
MOOROOPNA,21756,2017,105000,
MOOROOPNA,21756,2018,105000,
MOOROOPNA,21756,2019,110000,
MOOROOPNA,21756,2020,118000,
MOOROOPNA,21756,2021,145000,
MOOROOPNA,21756,2022,200000,
MOOROOPNA,21756,2023,230000,
MOOROOPNA,21756,2024,232500,
MOOROOPNA,21756,2025,235000,
MORWELL,21769,2015,110000,
MORWELL,21769,2016,96000,
MORWELL,21769,2017,107000,
MORWELL,21769,2018,119000,
MORWELL,21769,2019,121000,
MORWELL,21769,2020,132000,
MORWELL,21769,2021,165000,
MORWELL,21769,2022,235000,
MORWELL,21769,2023,228000,^
MORWELL,21769,2024,240000,
MORWELL,21769,2025,240000,
MOUNT COTTRELL,21786,2015,82000,^
MOUNT COTTRELL,21786,2018,218500,^
MOUNT COTTRELL,21786,2019,212000,
MOUNT COTTRELL,21786,2020,280000,
MOUNT COTTRELL,21786,2021,283000,
MOUNT COTTRELL,21786,2022,381000,^
MOUNT COTTRELL,21786,2023,274000,
MOUNT COTTRELL,21786,2024,308000,
MOUNT COTTRELL,21786,2025,347000,
MOUNT DUNEED,21790,2015,187500,
MOUNT DUNEED,21790,2016,193500,
MOUNT DUNEED,21790,2017,219000,
MOUNT DUNEED,21790,2018,266000,
MOUNT DUNEED,21790,2019,277500,
MOUNT DUNEED,21790,2020,285000,
MOUNT DUNEED,21790,2021,309000,
MOUNT DUNEED,21790,2022,385000,
MOUNT DUNEED,21790,2023,345000,
MOUNT DUNEED,21790,2024,345000,
MOUNT DUNEED,21790,2025,380000,
MOUNT ELIZA,21793,2015,440000,^
MOUNT ELIZA,21793,2016,561000,^
MOUNT ELIZA,21793,2017,607500,
MOUNT ELIZA,21793,2018,735000,^
MOUNT ELIZA,21793,2019,850000,
MOUNT ELIZA,21793,2020,840000,
MOUNT ELIZA,21793,2021,1120000,
MOUNT ELIZA,21793,2022,1218000,
MOUNT ELIZA,21793,2023,1117500,^
MOUNT ELIZA,21793,2024,1092500,
MOUNT ELIZA,21793,2025,1125000,
MOUNT MARTHA,21803,2015,534500,
MOUNT MARTHA,21803,2016,670000,
MOUNT MARTHA,21803,2017,870000,
MOUNT MARTHA,21803,2018,1065000,
MOUNT MARTHA,21803,2019,802500,
MOUNT MARTHA,21803,2020,890000,
MOUNT MARTHA,21803,2021,1400000,
MOUNT MARTHA,21803,2022,1315000,^
MOUNT MARTHA,21803,2023,1320000,^
MOUNT MARTHA,21803,2024,1187500,^
MOUNT MARTHA,21803,2025,1350000,
NAGAMBIE,21867,2015,115000,
NAGAMBIE,21867,2016,120000,
NAGAMBIE,21867,2017,125000,
NAGAMBIE,21867,2018,125000,
NAGAMBIE,21867,2019,153000,
NAGAMBIE,21867,2020,182500,
NAGAMBIE,21867,2021,234500,
NAGAMBIE,21867,2022,265000,
NAGAMBIE,21867,2023,263000,
NAGAMBIE,21867,2024,260000,
NAGAMBIE,21867,2025,250000,
NAR NAR GOON,21878,2016,330000,^
NAR NAR GOON,21878,2017,330000,
NAR NAR GOON,21878,2018,330000,
NAR NAR GOON,21878,2019,330000,
NAR NAR GOON,21878,2020,330000,
NAR NAR GOON,21878,2021,330000,
NAR NAR GOON,21878,2022,370000,
NAR NAR GOON,21878,2023,402500,
NAR NAR GOON,21878,2024,420000,
NAR NAR GOON,21878,2025,434000,
NAR NAR GOON NORTH,21879,2021,303500,
NAR NAR GOON NORTH,21879,2022,344000,
NAR NAR GOON NORTH,21879,2023,259000,
NAR NAR GOON NORTH,21879,2024,320000,
NAR NAR GOON NORTH,21879,2025,387000,
NARRE WARREN NORTH,21895,2015,440000,
NARRE WARREN NORTH,21895,2016,500000,
NARRE WARREN NORTH,21895,2017,535000,
NARRE WARREN NORTH,21895,2018,555000,^
NARRE WARREN NORTH,21895,2019,637500,^
NARRE WARREN NORTH,21895,2020,720000,
NARRE WARREN NORTH,21895,2021,870000,
NARRE WARREN NORTH,21895,2022,957500,
NARRE WARREN NORTH,21895,2023,1100000,^
NARRE WARREN NORTH,21895,2024,865000,
NARRE WARREN NORTH,21895,2025,879000,
NARRE WARREN SOUTH,21896,2015,260000,
NARRE WARREN SOUTH,21896,2016,301000,
NARRE WARREN SOUTH,21896,2017,415000,
NARRE WARREN SOUTH,21896,2018,450000,
NARRE WARREN SOUTH,21896,2019,295000,
NARRE WARREN SOUTH,21896,2020,314000,
NARRE WARREN SOUTH,21896,2021,264000,
NARRE WARREN SOUTH,21896,2022,464000,^
NARRE WARREN SOUTH,21896,2023,663500,^
NARRE WARREN SOUTH,21896,2024,499000,
NARRE WARREN SOUTH,21896,2025,680000,^
NEW GISBORNE,21921,2015,240000,^
NEW GISBORNE,21921,2016,235000,^
NEW GISBORNE,21921,2017,287000,
NEW GISBORNE,21921,2018,275000,
NEW GISBORNE,21921,2019,342500,
NEW GISBORNE,21921,2020,359000,
NEW GISBORNE,21921,2021,396000,
NEW GISBORNE,21921,2022,475000,
NEW GISBORNE,21921,2023,450000,
NEW GISBORNE,21921,2024,465000,
NEW GISBORNE,21921,2025,425000,
NEWBOROUGH,21922,2015,87500,^
NEWBOROUGH,21922,2016,103500,^
NEWBOROUGH,21922,2017,107500,^
NEWBOROUGH,21922,2018,122000,
NEWBOROUGH,21922,2019,164000,
NEWBOROUGH,21922,2020,169500,
NEWBOROUGH,21922,2021,177000,
NEWBOROUGH,21922,2022,253000,
NEWBOROUGH,21922,2023,250000,
NEWBOROUGH,21922,2024,222000,
NEWBOROUGH,21922,2025,212500,
NOBLE PARK,21952,2015,575500,^
NOBLE PARK,21952,2016,516500,
NOBLE PARK,21952,2017,406000,^
NOBLE PARK,21952,2018,262000,^
NOBLE PARK,21952,2019,475000,^
NOBLE PARK,21952,2020,567500,^
NOBLE PARK,21952,2021,394000,^
NOBLE PARK,21952,2022,394000,*
NOBLE PARK,21952,2023,310000,^
NOBLE PARK,21952,2024,1476000,^
NOBLE PARK,21952,2025,525000,
NORLANE,21960,2015,63500,
NORLANE,21960,2016,72500,
NORLANE,21960,2017,57500,^
NORLANE,21960,2018,280000,^
NORLANE,21960,2019,225000,^
NORLANE,21960,2020,167500,^
NORLANE,21960,2021,372000,^
NORLANE,21960,2022,427500,^
NORLANE,21960,2023,310000,^
NORLANE,21960,2024,415000,^
NORLANE,21960,2025,370000,
NORTH WONTHAGGI,21970,2015,129000,
NORTH WONTHAGGI,21970,2016,126500,
NORTH WONTHAGGI,21970,2017,130000,
NORTH WONTHAGGI,21970,2018,155000,
NORTH WONTHAGGI,21970,2019,165000,
NORTH WONTHAGGI,21970,2020,205000,
NORTH WONTHAGGI,21970,2021,250000,
NORTH WONTHAGGI,21970,2022,352500,
NORTH WONTHAGGI,21970,2023,290000,
NORTH WONTHAGGI,21970,2024,265000,
NORTH WONTHAGGI,21970,2025,250000,
NUMURKAH,21984,2015,83000,
NUMURKAH,21984,2016,85000,^
NUMURKAH,21984,2017,112000,^
NUMURKAH,21984,2018,97500,
NUMURKAH,21984,2019,106500,
NUMURKAH,21984,2020,110000,
NUMURKAH,21984,2021,103500,
NUMURKAH,21984,2022,159000,^
NUMURKAH,21984,2023,166000,
NUMURKAH,21984,2024,175000,
NUMURKAH,21984,2025,165000,
OCEAN GROVE,22005,2015,219500,
OCEAN GROVE,22005,2016,225000,
OCEAN GROVE,22005,2017,244000,
OCEAN GROVE,22005,2018,320000,
OCEAN GROVE,22005,2019,350000,
OCEAN GROVE,22005,2020,369000,
OCEAN GROVE,22005,2021,410000,
OCEAN GROVE,22005,2022,542500,
OCEAN GROVE,22005,2023,482500,
OCEAN GROVE,22005,2024,483500,
OCEAN GROVE,22005,2025,466000,
OFFICER,22006,2015,211000,
OFFICER,22006,2016,232500,
OFFICER,22006,2017,275000,
OFFICER,22006,2018,331000,
OFFICER,22006,2019,328000,
OFFICER,22006,2020,336500,
OFFICER,22006,2021,375500,
OFFICER,22006,2022,430000,
OFFICER,22006,2023,425000,
OFFICER,22006,2024,433000,
OFFICER,22006,2025,480500,
OFFICER SOUTH,22007,2016,258500,
OFFICER SOUTH,22007,2017,299000,
OFFICER SOUTH,22007,2018,330000,
OFFICER SOUTH,22007,2019,345000,
OFFICER SOUTH,22007,2020,350000,
OFFICER SOUTH,22007,2021,369500,
OFFICER SOUTH,22007,2022,517500,
OFFICER SOUTH,22007,2023,516000,
OFFICER SOUTH,22007,2024,485000,
OFFICER SOUTH,22007,2025,460000,
PAKENHAM,22027,2015,187000,
PAKENHAM,22027,2016,199000,
PAKENHAM,22027,2017,232000,
PAKENHAM,22027,2018,300000,
PAKENHAM,22027,2019,288000,
PAKENHAM,22027,2020,313000,
PAKENHAM,22027,2021,338000,
PAKENHAM,22027,2022,370000,
PAKENHAM,22027,2023,390000,
PAKENHAM,22027,2024,390000,
PAKENHAM,22027,2025,394000,
PAYNESVILLE,22049,2015,178500,
PAYNESVILLE,22049,2016,112500,
PAYNESVILLE,22049,2017,139500,
PAYNESVILLE,22049,2018,153500,
PAYNESVILLE,22049,2019,134000,
PAYNESVILLE,22049,2020,140000,
PAYNESVILLE,22049,2021,170000,
PAYNESVILLE,22049,2022,220000,
PAYNESVILLE,22049,2023,260000,
PAYNESVILLE,22049,2024,215000,
PAYNESVILLE,22049,2025,209000,
POINT COOK,22086,2015,280000,
POINT COOK,22086,2016,305000,
POINT COOK,22086,2017,330000,
POINT COOK,22086,2018,439500,
POINT COOK,22086,2019,410000,
POINT COOK,22086,2020,417000,
POINT COOK,22086,2021,510000,
POINT COOK,22086,2022,449000,
POINT COOK,22086,2023,445000,
POINT COOK,22086,2024,348500,
POINT COOK,22086,2025,573500,
POINT LONSDALE,22088,2015,265000,
POINT LONSDALE,22088,2016,251500,
POINT LONSDALE,22088,2017,320000,
POINT LONSDALE,22088,2018,367500,
POINT LONSDALE,22088,2019,397000,
POINT LONSDALE,22088,2020,464000,
POINT LONSDALE,22088,2021,515000,
POINT LONSDALE,22088,2022,750000,
POINT LONSDALE,22088,2023,752500,
POINT LONSDALE,22088,2024,512500,
POINT LONSDALE,22088,2025,625000,
PORTARLINGTON,22109,2015,192000,
PORTARLINGTON,22109,2016,180000,
PORTARLINGTON,22109,2017,200000,
PORTARLINGTON,22109,2018,250000,
PORTARLINGTON,22109,2019,360000,
PORTARLINGTON,22109,2020,305500,
PORTARLINGTON,22109,2021,382500,
PORTARLINGTON,22109,2022,524500,
PORTARLINGTON,22109,2023,510000,
PORTARLINGTON,22109,2024,557500,
PORTARLINGTON,22109,2025,492500,
PORTLAND,22110,2015,52000,^
PORTLAND,22110,2016,82000,^
PORTLAND,22110,2017,50000,
PORTLAND,22110,2018,76000,
PORTLAND,22110,2019,60000,
PORTLAND,22110,2020,67500,
PORTLAND,22110,2021,140000,
PORTLAND,22110,2022,180000,
PORTLAND,22110,2023,180000,
PORTLAND,22110,2024,197500,
PORTLAND,22110,2025,150000,
RED CLIFFS,22147,2015,68500,
RED CLIFFS,22147,2016,70000,
RED CLIFFS,22147,2017,75000,
RED CLIFFS,22147,2018,79000,
RED CLIFFS,22147,2019,82000,
RED CLIFFS,22147,2020,85000,
RED CLIFFS,22147,2021,115000,
RED CLIFFS,22147,2022,125000,
RED CLIFFS,22147,2023,131000,
RED CLIFFS,22147,2024,145000,
RED CLIFFS,22147,2025,140000,
ROCKBANK,22186,2015,184500,^
ROCKBANK,22186,2016,208000,
ROCKBANK,22186,2017,237000,
ROCKBANK,22186,2018,248500,
ROCKBANK,22186,2019,256500,
ROCKBANK,22186,2020,253500,
ROCKBANK,22186,2021,288000,
ROCKBANK,22186,2022,289000,
ROCKBANK,22186,2023,295000,
ROCKBANK,22186,2024,306000,
ROCKBANK,22186,2025,348000,
ROMSEY,22193,2015,179000,
ROMSEY,22193,2016,186000,
ROMSEY,22193,2017,204000,
ROMSEY,22193,2018,257000,
ROMSEY,22193,2019,300000,
ROMSEY,22193,2020,338500,
ROMSEY,22193,2021,435000,
ROMSEY,22193,2022,447500,
ROMSEY,22193,2023,395000,
ROMSEY,22193,2024,370000,
ROMSEY,22193,2025,375000,
ROSEBUD,22198,2015,205000,^
ROSEBUD,22198,2016,340000,
ROSEBUD,22198,2017,360000,
ROSEBUD,22198,2018,310500,
ROSEBUD,22198,2019,342500,^
ROSEBUD,22198,2020,330000,
ROSEBUD,22198,2021,493000,
ROSEBUD,22198,2022,550000,^
ROSEBUD,22198,2023,525500,^
ROSEBUD,22198,2024,533500,^
ROSEBUD,22198,2025,420000,
ROSEDALE,22199,2015,96000,^
ROSEDALE,22199,2016,93500,
ROSEDALE,22199,2017,103500,^
ROSEDALE,22199,2018,115000,^
ROSEDALE,22199,2019,90000,^
ROSEDALE,22199,2020,119000,^
ROSEDALE,22199,2021,139500,
ROSEDALE,22199,2022,145000,^
ROSEDALE,22199,2023,179500,^
ROSEDALE,22199,2024,175000,^
ROSEDALE,22199,2025,196000,
ROWVILLE,22207,2015,486500,^
ROWVILLE,22207,2016,559000,^
ROWVILLE,22207,2017,424000,^
ROWVILLE,22207,2018,515000,^
ROWVILLE,22207,2019,692500,^
ROWVILLE,22207,2020,673000,^
ROWVILLE,22207,2021,645000,
ROWVILLE,22207,2022,653500,
ROWVILLE,22207,2023,745000,
ROWVILLE,22207,2024,802000,
ROWVILLE,22207,2025,825000,
ROXBURGH PARK,22208,2015,239000,
ROXBURGH PARK,22208,2016,263000,
ROXBURGH PARK,22208,2017,265000,
ROXBURGH PARK,22208,2018,277500,
ROXBURGH PARK,22208,2019,332500,
ROXBURGH PARK,22208,2020,370000,
ROXBURGH PARK,22208,2021,430000,
ROXBURGH PARK,22208,2022,438000,
ROXBURGH PARK,22208,2023,448500,
ROXBURGH PARK,22208,2024,430000,
ROXBURGH PARK,22208,2025,560000,^
RUTHERGLEN,22217,2015,85000,^
RUTHERGLEN,22217,2016,165000,^
RUTHERGLEN,22217,2017,107500,^
RUTHERGLEN,22217,2018,115000,
RUTHERGLEN,22217,2019,137500,^
RUTHERGLEN,22217,2020,125000,
RUTHERGLEN,22217,2021,100000,^
RUTHERGLEN,22217,2022,115000,^
RUTHERGLEN,22217,2023,115000,*
RUTHERGLEN,22217,2024,195000,*
RUTHERGLEN,22217,2025,205000,
RYE,22220,2015,275000,
RYE,22220,2016,282500,
RYE,22220,2017,370000,
RYE,22220,2018,450000,
RYE,22220,2019,448000,
RYE,22220,2020,420000,
RYE,22220,2021,687500,
RYE,22220,2022,789500,
RYE,22220,2023,616000,
RYE,22220,2024,570000,
RYE,22220,2025,505000,
SALE,22226,2015,125500,
SALE,22226,2016,128000,
SALE,22226,2017,137000,
SALE,22226,2018,142000,
SALE,22226,2019,135000,
SALE,22226,2020,150000,
SALE,22226,2021,185000,
SALE,22226,2022,210000,
SALE,22226,2023,242000,
SALE,22226,2024,270000,
SALE,22226,2025,262500,
SAN REMO,22229,2015,250000,
SAN REMO,22229,2016,249000,
SAN REMO,22229,2017,240000,
SAN REMO,22229,2018,270000,
SAN REMO,22229,2019,308000,
SAN REMO,22229,2020,300000,
SAN REMO,22229,2021,380000,
SAN REMO,22229,2022,470000,
SAN REMO,22229,2023,462500,
SAN REMO,22229,2024,525000,
SAN REMO,22229,2025,400000,
SEBASTOPOL,22255,2015,105000,
SEBASTOPOL,22255,2016,111000,
SEBASTOPOL,22255,2017,115000,
SEBASTOPOL,22255,2018,120000,
SEBASTOPOL,22255,2019,138500,
SEBASTOPOL,22255,2020,150000,
SEBASTOPOL,22255,2021,142000,
SEBASTOPOL,22255,2022,260000,
SEBASTOPOL,22255,2023,240000,
SEBASTOPOL,22255,2024,221500,
SEBASTOPOL,22255,2025,223000,
SEYMOUR,22265,2015,82000,^
SEYMOUR,22265,2016,112500,^
SEYMOUR,22265,2017,89500,
SEYMOUR,22265,2018,140000,
SEYMOUR,22265,2019,155000,
SEYMOUR,22265,2020,170000,
SEYMOUR,22265,2021,185000,
SEYMOUR,22265,2022,194000,
SEYMOUR,22265,2023,225000,
SEYMOUR,22265,2024,243500,
SEYMOUR,22265,2025,200000,
SHEPPARTON,22275,2015,127000,
SHEPPARTON,22275,2016,128000,
SHEPPARTON,22275,2017,124500,
SHEPPARTON,22275,2018,127500,
SHEPPARTON,22275,2019,129500,
SHEPPARTON,22275,2020,140000,
SHEPPARTON,22275,2021,185000,
SHEPPARTON,22275,2022,210000,
SHEPPARTON,22275,2023,273000,
SHEPPARTON,22275,2024,265000,
SHEPPARTON,22275,2025,270000,
SHEPPARTON NORTH,22277,2015,116000,
SHEPPARTON NORTH,22277,2016,115000,
SHEPPARTON NORTH,22277,2017,116000,
SHEPPARTON NORTH,22277,2018,165000,
SHEPPARTON NORTH,22277,2019,164000,
SHEPPARTON NORTH,22277,2020,191000,
SHEPPARTON NORTH,22277,2021,206000,
SHEPPARTON NORTH,22277,2022,368000,
SHEPPARTON NORTH,22277,2023,380000,
SHEPPARTON NORTH,22277,2024,267000,
SHEPPARTON NORTH,22277,2025,292500,
SKYE,22291,2015,505000,^
SKYE,22291,2016,458000,^
SKYE,22291,2017,458000,*
SKYE,22291,2018,507500,^
SKYE,22291,2019,507500,*
SKYE,22291,2020,440000,^
SKYE,22291,2021,450000,^
SKYE,22291,2022,634000,^
SKYE,22291,2023,555000,
SKYE,22291,2024,552000,
SKYE,22291,2025,555000,
SMYTHES CREEK,22298,2016,138000,^
SMYTHES CREEK,22298,2017,127500,
SMYTHES CREEK,22298,2018,130000,
SMYTHES CREEK,22298,2019,141000,
SMYTHES CREEK,22298,2020,175000,
SMYTHES CREEK,22298,2021,238000,
SMYTHES CREEK,22298,2022,282000,
SMYTHES CREEK,22298,2023,340000,^
SMYTHES CREEK,22298,2024,228500,^
SMYTHES CREEK,22298,2025,227500,
SOUTH MORANG,22311,2015,270000,
SOUTH MORANG,22311,2016,280000,
SOUTH MORANG,22311,2017,274000,
SOUTH MORANG,22311,2018,350000,
SOUTH MORANG,22311,2019,345000,
SOUTH MORANG,22311,2020,420000,
SOUTH MORANG,22311,2021,423000,
SOUTH MORANG,22311,2022,365000,
SOUTH MORANG,22311,2023,395000,
SOUTH MORANG,22311,2024,281000,
SOUTH MORANG,22311,2025,580000,
SPRINGVALE SOUTH,22329,2017,670000,^
SPRINGVALE SOUTH,22329,2018,670000,*
SPRINGVALE SOUTH,22329,2019,940000,^
SPRINGVALE SOUTH,22329,2020,940000,*
SPRINGVALE SOUTH,22329,2021,470000,
SPRINGVALE SOUTH,22329,2022,535000,
SPRINGVALE SOUTH,22329,2023,487500,
SPRINGVALE SOUTH,22329,2024,512500,
SPRINGVALE SOUTH,22329,2025,520500,
ST LEONARDS,22346,2015,181500,
ST LEONARDS,22346,2016,179000,
ST LEONARDS,22346,2017,165000,
ST LEONARDS,22346,2018,205000,
ST LEONARDS,22346,2019,225000,
ST LEONARDS,22346,2020,230500,
ST LEONARDS,22346,2021,320000,
ST LEONARDS,22346,2022,450000,
ST LEONARDS,22346,2023,397500,
ST LEONARDS,22346,2024,340000,
ST LEONARDS,22346,2025,319500,
STRATFORD,22369,2015,81000,
STRATFORD,22369,2016,81000,
STRATFORD,22369,2017,85000,
STRATFORD,22369,2018,83000,
STRATFORD,22369,2019,84500,
STRATFORD,22369,2020,93000,
STRATFORD,22369,2021,123000,
STRATFORD,22369,2022,185000,
STRATFORD,22369,2023,192500,
STRATFORD,22369,2024,190000,
STRATFORD,22369,2025,193000,
STRATHFIELDSAYE,22376,2015,173500,
STRATHFIELDSAYE,22376,2016,173500,
STRATHFIELDSAYE,22376,2017,166500,
STRATHFIELDSAYE,22376,2018,168500,
STRATHFIELDSAYE,22376,2019,166000,
STRATHFIELDSAYE,22376,2020,179500,
STRATHFIELDSAYE,22376,2021,197000,
STRATHFIELDSAYE,22376,2022,335000,
STRATHFIELDSAYE,22376,2023,317500,
STRATHFIELDSAYE,22376,2024,300000,
STRATHFIELDSAYE,22376,2025,300000,
STRATHTULLOH,22382,2015,161000,
STRATHTULLOH,22382,2016,150000,
STRATHTULLOH,22382,2017,230000,
STRATHTULLOH,22382,2018,267000,
STRATHTULLOH,22382,2019,267000,
STRATHTULLOH,22382,2020,274000,
STRATHTULLOH,22382,2021,289000,
STRATHTULLOH,22382,2022,338000,
STRATHTULLOH,22382,2023,305000,
STRATHTULLOH,22382,2024,297000,
STRATHTULLOH,22382,2025,341000,
SUNBURY,22391,2015,215000,
SUNBURY,22391,2016,218000,
SUNBURY,22391,2017,235000,
SUNBURY,22391,2018,332000,
SUNBURY,22391,2019,299000,
SUNBURY,22391,2020,291000,
SUNBURY,22391,2021,310000,
SUNBURY,22391,2022,353000,
SUNBURY,22391,2023,375000,
SUNBURY,22391,2024,354000,
SUNBURY,22391,2025,367000,
SUNSHINE NORTH,22396,2015,280000,
SUNSHINE NORTH,22396,2016,387500,
SUNSHINE NORTH,22396,2017,385000,
SUNSHINE NORTH,22396,2018,335500,
SUNSHINE NORTH,22396,2019,665000,
SUNSHINE NORTH,22396,2020,666000,
SUNSHINE NORTH,22396,2021,579000,
SUNSHINE NORTH,22396,2022,590000,
SUNSHINE NORTH,22396,2023,502500,
SUNSHINE NORTH,22396,2024,595000,
SUNSHINE NORTH,22396,2025,595000,
SUNSHINE WEST,22397,2015,245000,
SUNSHINE WEST,22397,2016,385000,
SUNSHINE WEST,22397,2017,420000,^
SUNSHINE WEST,22397,2018,420000,^
SUNSHINE WEST,22397,2019,521000,^
SUNSHINE WEST,22397,2020,605000,^
SUNSHINE WEST,22397,2021,615000,^
SUNSHINE WEST,22397,2022,500000,^
SUNSHINE WEST,22397,2023,190000,^
SUNSHINE WEST,22397,2024,565000,^
SUNSHINE WEST,22397,2025,625000,
SWAN HILL,22405,2015,88000,
SWAN HILL,22405,2016,102500,
SWAN HILL,22405,2017,109000,
SWAN HILL,22405,2018,138000,
SWAN HILL,22405,2019,113000,
SWAN HILL,22405,2020,126000,
SWAN HILL,22405,2021,169000,
SWAN HILL,22405,2022,177000,
SWAN HILL,22405,2023,179000,
SWAN HILL,22405,2024,197000,
SWAN HILL,22405,2025,130000,
TARNEIT,22451,2015,210000,
TARNEIT,22451,2016,225000,
TARNEIT,22451,2017,275000,
TARNEIT,22451,2018,305000,
TARNEIT,22451,2019,305000,
TARNEIT,22451,2020,302000,
TARNEIT,22451,2021,334000,
TARNEIT,22451,2022,368000,
TARNEIT,22451,2023,369500,
TARNEIT,22451,2024,345000,
TARNEIT,22451,2025,369500,
TATURA,22467,2015,95000,
TATURA,22467,2016,105000,
TATURA,22467,2017,112500,
TATURA,22467,2018,125000,
TATURA,22467,2019,152500,
TATURA,22467,2020,166000,
TATURA,22467,2021,185000,
TATURA,22467,2022,182500,
TATURA,22467,2023,192500,
TATURA,22467,2024,229000,
TATURA,22467,2025,225000,
THOMASTOWN,22504,2015,185000,^
THOMASTOWN,22504,2016,297000,^
THOMASTOWN,22504,2017,500000,^
THOMASTOWN,22504,2018,536000,^
THOMASTOWN,22504,2019,450000,^
THOMASTOWN,22504,2020,520000,^
THOMASTOWN,22504,2021,185000,^
THOMASTOWN,22504,2022,386000,
THOMASTOWN,22504,2023,471000,
THOMASTOWN,22504,2024,518000,
THOMASTOWN,22504,2025,611500,
THORNHILL PARK,22509,2015,193000,
THORNHILL PARK,22509,2016,199000,
THORNHILL PARK,22509,2017,243000,
THORNHILL PARK,22509,2018,275500,
THORNHILL PARK,22509,2019,268000,
THORNHILL PARK,22509,2020,242500,
THORNHILL PARK,22509,2021,270000,
THORNHILL PARK,22509,2022,308000,
THORNHILL PARK,22509,2023,247500,
THORNHILL PARK,22509,2024,254500,
THORNHILL PARK,22509,2025,335000,
TORQUAY,22551,2015,250000,
TORQUAY,22551,2016,268000,
TORQUAY,22551,2017,295000,
TORQUAY,22551,2018,360000,
TORQUAY,22551,2019,420000,
TORQUAY,22551,2020,430000,
TORQUAY,22551,2021,510000,
TORQUAY,22551,2022,730000,
TORQUAY,22551,2023,713500,
TORQUAY,22551,2024,655000,
TORQUAY,22551,2025,625000,
TRARALGON,22569,2015,152500,
TRARALGON,22569,2016,150000,
TRARALGON,22569,2017,143000,
TRARALGON,22569,2018,138000,
TRARALGON,22569,2019,150000,
TRARALGON,22569,2020,171000,
TRARALGON,22569,2021,219000,
TRARALGON,22569,2022,290000,
TRARALGON,22569,2023,298000,
TRARALGON,22569,2024,292000,
TRARALGON,22569,2025,292000,
TRENTHAM,22577,2015,167500,
TRENTHAM,22577,2016,185000,
TRENTHAM,22577,2017,210000,
TRENTHAM,22577,2018,337500,
TRENTHAM,22577,2019,348500,
TRENTHAM,22577,2020,385000,
TRENTHAM,22577,2021,485000,
TRENTHAM,22577,2022,565000,
TRENTHAM,22577,2023,512500,
TRENTHAM,22577,2024,495000,^
TRENTHAM,22577,2025,417500,
TRUGANINA,22582,2015,228500,
TRUGANINA,22582,2016,254500,
TRUGANINA,22582,2017,282000,
TRUGANINA,22582,2018,327500,
TRUGANINA,22582,2019,335000,
TRUGANINA,22582,2020,322500,
TRUGANINA,22582,2021,339000,
TRUGANINA,22582,2022,393000,
TRUGANINA,22582,2023,380500,
TRUGANINA,22582,2024,348000,
TRUGANINA,22582,2025,355000,
VENUS BAY,22626,2015,83500,
VENUS BAY,22626,2016,90000,
VENUS BAY,22626,2017,81000,
VENUS BAY,22626,2018,94000,
VENUS BAY,22626,2019,105000,
VENUS BAY,22626,2020,120000,
VENUS BAY,22626,2021,271500,
VENUS BAY,22626,2022,311500,
VENUS BAY,22626,2023,250000,
VENUS BAY,22626,2024,230000,
VENUS BAY,22626,2025,165000,
WALLAN,22661,2015,150500,
WALLAN,22661,2016,155000,
WALLAN,22661,2017,191500,
WALLAN,22661,2018,250000,
WALLAN,22661,2019,240000,
WALLAN,22661,2020,245000,
WALLAN,22661,2021,285000,
WALLAN,22661,2022,345000,
WALLAN,22661,2023,375000,
WALLAN,22661,2024,305000,
WALLAN,22661,2025,333500,
WANGANDARY,22678,2023,309000,^
WANGANDARY,22678,2024,315000,^
WANGANDARY,22678,2025,300000,
WANGARATTA,22680,2015,131000,
WANGARATTA,22680,2016,132000,
WANGARATTA,22680,2017,151000,
WANGARATTA,22680,2018,162000,
WANGARATTA,22680,2019,145000,
WANGARATTA,22680,2020,150000,
WANGARATTA,22680,2021,179500,
WANGARATTA,22680,2022,289000,
WANGARATTA,22680,2023,291000,
WANGARATTA,22680,2024,290500,
WANGARATTA,22680,2025,274000,
WARRAGUL,22698,2015,143000,
WARRAGUL,22698,2016,149000,
WARRAGUL,22698,2017,170500,
WARRAGUL,22698,2018,200000,
WARRAGUL,22698,2019,214000,
WARRAGUL,22698,2020,225000,
WARRAGUL,22698,2021,280000,
WARRAGUL,22698,2022,328000,
WARRAGUL,22698,2023,315000,
WARRAGUL,22698,2024,314500,
WARRAGUL,22698,2025,300500,
WARRNAMBOOL,22710,2015,140000,
WARRNAMBOOL,22710,2016,150000,
WARRNAMBOOL,22710,2017,150000,
WARRNAMBOOL,22710,2018,150000,
WARRNAMBOOL,22710,2019,155000,
WARRNAMBOOL,22710,2020,165000,
WARRNAMBOOL,22710,2021,190000,
WARRNAMBOOL,22710,2022,249000,
WARRNAMBOOL,22710,2023,265000,
WARRNAMBOOL,22710,2024,255000,
WARRNAMBOOL,22710,2025,250000,
WAURN PONDS,22730,2015,219500,
WAURN PONDS,22730,2016,201500,
WAURN PONDS,22730,2017,249000,^
WAURN PONDS,22730,2018,258000,^
WAURN PONDS,22730,2019,300000,^
WAURN PONDS,22730,2020,290000,^
WAURN PONDS,22730,2021,407000,
WAURN PONDS,22730,2022,375000,^
WAURN PONDS,22730,2023,485000,^
WAURN PONDS,22730,2024,440000,
WAURN PONDS,22730,2025,429500,
WEIR VIEWS,22740,2015,138000,
WEIR VIEWS,22740,2016,139000,
WEIR VIEWS,22740,2017,195000,
WEIR VIEWS,22740,2018,215000,
WEIR VIEWS,22740,2019,209000,
WEIR VIEWS,22740,2020,240000,
WEIR VIEWS,22740,2021,260000,
WEIR VIEWS,22740,2022,350000,
WEIR VIEWS,22740,2023,324000,
WEIR VIEWS,22740,2024,332500,
WEIR VIEWS,22740,2025,371500,
WERRIBEE,22750,2015,191500,
WERRIBEE,22750,2016,208000,
WERRIBEE,22750,2017,252000,
WERRIBEE,22750,2018,298000,
WERRIBEE,22750,2019,299000,
WERRIBEE,22750,2020,299000,
WERRIBEE,22750,2021,320000,
WERRIBEE,22750,2022,329000,
WERRIBEE,22750,2023,370000,
WERRIBEE,22750,2024,342000,
WERRIBEE,22750,2025,349000,
WEST WODONGA,22758,2015,133000,
WEST WODONGA,22758,2016,130000,
WEST WODONGA,22758,2017,129000,
WEST WODONGA,22758,2018,136000,
WEST WODONGA,22758,2019,140000,
WEST WODONGA,22758,2020,140500,
WEST WODONGA,22758,2021,200000,
WEST WODONGA,22758,2022,245000,
WEST WODONGA,22758,2023,242500,
WEST WODONGA,22758,2024,305000,
WEST WODONGA,22758,2025,210000,
WINCHELSEA,22802,2015,127500,
WINCHELSEA,22802,2016,158000,
WINCHELSEA,22802,2017,168000,
WINCHELSEA,22802,2018,178000,
WINCHELSEA,22802,2019,170000,
WINCHELSEA,22802,2020,272500,
WINCHELSEA,22802,2021,415000,
WINCHELSEA,22802,2022,360000,
WINCHELSEA,22802,2023,330000,
WINCHELSEA,22802,2024,370000,
WINCHELSEA,22802,2025,310000,
WINTER VALLEY,22814,2015,122000,
WINTER VALLEY,22814,2016,124000,
WINTER VALLEY,22814,2017,130000,
WINTER VALLEY,22814,2018,143000,
WINTER VALLEY,22814,2019,159000,
WINTER VALLEY,22814,2020,185000,
WINTER VALLEY,22814,2021,240000,
WINTER VALLEY,22814,2022,303500,
WINTER VALLEY,22814,2023,290000,
WINTER VALLEY,22814,2024,269000,
WINTER VALLEY,22814,2025,252000,
WODONGA,22819,2015,124000,
WODONGA,22819,2016,135000,
WODONGA,22819,2017,141000,
WODONGA,22819,2018,146000,
WODONGA,22819,2019,153000,
WODONGA,22819,2020,155000,
WODONGA,22819,2021,200000,
WODONGA,22819,2022,240000,
WODONGA,22819,2023,220000,
WODONGA,22819,2024,230000,
WODONGA,22819,2025,260000,
WOLLERT,22820,2015,216500,
WOLLERT,22820,2016,233000,
WOLLERT,22820,2017,266000,
WOLLERT,22820,2018,329000,
WOLLERT,22820,2019,320000,
WOLLERT,22820,2020,302500,
WOLLERT,22820,2021,332000,
WOLLERT,22820,2022,369000,
WOLLERT,22820,2023,371000,
WOLLERT,22820,2024,365000,
WOLLERT,22820,2025,365000,
WONTHAGGI,22829,2015,132000,
WONTHAGGI,22829,2016,135000,
WONTHAGGI,22829,2017,140000,
WONTHAGGI,22829,2018,145000,
WONTHAGGI,22829,2019,165000,
WONTHAGGI,22829,2020,199000,
WONTHAGGI,22829,2021,210000,
WONTHAGGI,22829,2022,310000,
WONTHAGGI,22829,2023,280000,
WONTHAGGI,22829,2024,269500,
WONTHAGGI,22829,2025,235500,
WOODSTOCK,22843,2021,274500,
WOODSTOCK,22843,2022,298000,
WOODSTOCK,22843,2023,370500,
WOODSTOCK,22843,2024,173000,
WOODSTOCK,22843,2025,354000,
WYNDHAM VALE,22883,2015,174000,
WYNDHAM VALE,22883,2016,197000,
WYNDHAM VALE,22883,2017,224000,
WYNDHAM VALE,22883,2018,290000,
WYNDHAM VALE,22883,2019,269000,
WYNDHAM VALE,22883,2020,275000,
WYNDHAM VALE,22883,2021,278000,
WYNDHAM VALE,22883,2022,295000,
WYNDHAM VALE,22883,2023,300000,
WYNDHAM VALE,22883,2024,295000,
WYNDHAM VALE,22883,2025,338000,
YARRA JUNCTION,22911,2015,165000,^
YARRA JUNCTION,22911,2016,190000,^
YARRA JUNCTION,22911,2017,225000,
YARRA JUNCTION,22911,2018,272500,^
YARRA JUNCTION,22911,2019,245000,^
YARRA JUNCTION,22911,2020,260000,
YARRA JUNCTION,22911,2021,288000,^
YARRA JUNCTION,22911,2022,360000,^
YARRA JUNCTION,22911,2023,377500,^
YARRA JUNCTION,22911,2024,290000,
YARRA JUNCTION,22911,2025,360000,^
YARRAWONGA,22919,2015,110000,
YARRAWONGA,22919,2016,118500,
YARRAWONGA,22919,2017,130000,
YARRAWONGA,22919,2018,159000,
YARRAWONGA,22919,2019,155000,
YARRAWONGA,22919,2020,165000,
YARRAWONGA,22919,2021,185000,
YARRAWONGA,22919,2022,275000,
YARRAWONGA,22919,2023,243500,
YARRAWONGA,22919,2024,235500,
YARRAWONGA,22919,2025,225000,
