edition,edition_as_at,quarter,series,value
2022-23 Q4,2023-06-30,2020-06-30,enrolled_dwellings,4360
2022-23 Q4,2023-06-30,2020-06-30,participants_with_sda_supports,14982
2022-23 Q4,2023-06-30,2020-06-30,participants_with_sil,24119
2022-23 Q4,2023-06-30,2020-06-30,sda_annualised_m,176
2022-23 Q4,2023-06-30,2020-06-30,sil_annualised_m,8303
2022-23 Q4,2023-06-30,2020-09-30,enrolled_dwellings,4478
2022-23 Q4,2023-06-30,2020-09-30,participants_with_sda_supports,15240
2022-23 Q4,2023-06-30,2020-09-30,participants_with_sil,23558
2022-23 Q4,2023-06-30,2020-09-30,sda_annualised_m,185
2022-23 Q4,2023-06-30,2020-09-30,sil_annualised_m,8439
2022-23 Q4,2023-06-30,2020-12-31,enrolled_dwellings,4921
2022-23 Q4,2023-06-30,2020-12-31,participants_with_sda_supports,15667
2022-23 Q4,2023-06-30,2020-12-31,participants_with_sil,23853
2022-23 Q4,2023-06-30,2020-12-31,sda_annualised_m,198
2022-23 Q4,2023-06-30,2020-12-31,sil_annualised_m,8533
2022-23 Q4,2023-06-30,2021-03-31,enrolled_dwellings,5109
2022-23 Q4,2023-06-30,2021-03-31,participants_with_sda_supports,15842
2022-23 Q4,2023-06-30,2021-03-31,participants_with_sil,24201
2022-23 Q4,2023-06-30,2021-03-31,sda_annualised_m,197
2022-23 Q4,2023-06-30,2021-03-31,sil_annualised_m,8585
2022-23 Q4,2023-06-30,2021-06-30,enrolled_dwellings,6224
2022-23 Q4,2023-06-30,2021-06-30,participants_with_sda_supports,16033
2022-23 Q4,2023-06-30,2021-06-30,participants_with_sil,24542
2022-23 Q4,2023-06-30,2021-06-30,sda_annualised_m,204
2022-23 Q4,2023-06-30,2021-06-30,sil_annualised_m,8695
2022-23 Q4,2023-06-30,2021-09-30,enrolled_dwellings,6561
2022-23 Q4,2023-06-30,2021-09-30,participants_with_sda_supports,16347
2022-23 Q4,2023-06-30,2021-09-30,participants_with_sil,25028
2022-23 Q4,2023-06-30,2021-09-30,sda_annualised_m,214
2022-23 Q4,2023-06-30,2021-09-30,sil_annualised_m,8844
2022-23 Q4,2023-06-30,2021-12-31,enrolled_dwellings,6764
2022-23 Q4,2023-06-30,2021-12-31,participants_with_sda_supports,16972
2022-23 Q4,2023-06-30,2021-12-31,participants_with_sil,25433
2022-23 Q4,2023-06-30,2021-12-31,sda_annualised_m,231
2022-23 Q4,2023-06-30,2021-12-31,sil_annualised_m,8988
2022-23 Q4,2023-06-30,2022-03-31,enrolled_dwellings,6858
2022-23 Q4,2023-06-30,2022-03-31,participants_with_sda_supports,17693
2022-23 Q4,2023-06-30,2022-03-31,participants_with_sil,26122
2022-23 Q4,2023-06-30,2022-03-31,sda_annualised_m,248
2022-23 Q4,2023-06-30,2022-03-31,sil_annualised_m,9269
2022-23 Q4,2023-06-30,2022-06-30,enrolled_dwellings,7086
2022-23 Q4,2023-06-30,2022-06-30,participants_with_sda_supports,19358
2022-23 Q4,2023-06-30,2022-06-30,participants_with_sil,26950
2022-23 Q4,2023-06-30,2022-06-30,sda_annualised_m,271
2022-23 Q4,2023-06-30,2022-06-30,sil_annualised_m,9649
2022-23 Q4,2023-06-30,2022-09-30,enrolled_dwellings,7334
2022-23 Q4,2023-06-30,2022-09-30,participants_with_sda_supports,20920
2022-23 Q4,2023-06-30,2022-09-30,participants_with_sil,28018
2022-23 Q4,2023-06-30,2022-09-30,sda_annualised_m,306
2022-23 Q4,2023-06-30,2022-09-30,sil_annualised_m,10817
2022-23 Q4,2023-06-30,2022-12-31,enrolled_dwellings,7451
2022-23 Q4,2023-06-30,2022-12-31,participants_with_sda_supports,22069
2022-23 Q4,2023-06-30,2022-12-31,participants_with_sil,29812
2022-23 Q4,2023-06-30,2022-12-31,sda_annualised_m,334
2022-23 Q4,2023-06-30,2022-12-31,sil_annualised_m,11892
2022-23 Q4,2023-06-30,2023-03-31,enrolled_dwellings,7720
2022-23 Q4,2023-06-30,2023-03-31,participants_with_sda_supports,22680
2022-23 Q4,2023-06-30,2023-03-31,participants_with_sil,31368
2022-23 Q4,2023-06-30,2023-03-31,sda_annualised_m,353
2022-23 Q4,2023-06-30,2023-03-31,sil_annualised_m,12804
2022-23 Q4,2023-06-30,2023-06-30,enrolled_dwellings,7925
2022-23 Q4,2023-06-30,2023-06-30,participants_with_sda_supports,23092
2022-23 Q4,2023-06-30,2023-06-30,participants_with_sil,31509
2022-23 Q4,2023-06-30,2023-06-30,sda_annualised_m,365
2022-23 Q4,2023-06-30,2023-06-30,sil_annualised_m,13075
2023-24 Q1,2023-09-30,2020-09-30,enrolled_dwellings,4478
2023-24 Q1,2023-09-30,2020-09-30,participants_with_sda_supports,15240
2023-24 Q1,2023-09-30,2020-09-30,participants_with_sil,23558
2023-24 Q1,2023-09-30,2020-09-30,sda_annualised_m,185
2023-24 Q1,2023-09-30,2020-09-30,sil_annualised_m,8439
2023-24 Q1,2023-09-30,2020-12-31,enrolled_dwellings,4921
2023-24 Q1,2023-09-30,2020-12-31,participants_with_sda_supports,15667
2023-24 Q1,2023-09-30,2020-12-31,participants_with_sil,23853
2023-24 Q1,2023-09-30,2020-12-31,sda_annualised_m,198
2023-24 Q1,2023-09-30,2020-12-31,sil_annualised_m,8533
2023-24 Q1,2023-09-30,2021-03-31,enrolled_dwellings,5109
2023-24 Q1,2023-09-30,2021-03-31,participants_with_sda_supports,15842
2023-24 Q1,2023-09-30,2021-03-31,participants_with_sil,24201
2023-24 Q1,2023-09-30,2021-03-31,sda_annualised_m,197
2023-24 Q1,2023-09-30,2021-03-31,sil_annualised_m,8585
2023-24 Q1,2023-09-30,2021-06-30,enrolled_dwellings,6224
2023-24 Q1,2023-09-30,2021-06-30,participants_with_sda_supports,16033
2023-24 Q1,2023-09-30,2021-06-30,participants_with_sil,24542
2023-24 Q1,2023-09-30,2021-06-30,sda_annualised_m,204
2023-24 Q1,2023-09-30,2021-06-30,sil_annualised_m,8695
2023-24 Q1,2023-09-30,2021-09-30,enrolled_dwellings,6561
2023-24 Q1,2023-09-30,2021-09-30,participants_with_sda_supports,16347
2023-24 Q1,2023-09-30,2021-09-30,participants_with_sil,25028
2023-24 Q1,2023-09-30,2021-09-30,sda_annualised_m,214
2023-24 Q1,2023-09-30,2021-09-30,sil_annualised_m,8844
2023-24 Q1,2023-09-30,2021-12-31,enrolled_dwellings,6764
2023-24 Q1,2023-09-30,2021-12-31,participants_with_sda_supports,16972
2023-24 Q1,2023-09-30,2021-12-31,participants_with_sil,25433
2023-24 Q1,2023-09-30,2021-12-31,sda_annualised_m,231
2023-24 Q1,2023-09-30,2021-12-31,sil_annualised_m,8988
2023-24 Q1,2023-09-30,2022-03-31,enrolled_dwellings,6858
2023-24 Q1,2023-09-30,2022-03-31,participants_with_sda_supports,17693
2023-24 Q1,2023-09-30,2022-03-31,participants_with_sil,26122
2023-24 Q1,2023-09-30,2022-03-31,sda_annualised_m,248
2023-24 Q1,2023-09-30,2022-03-31,sil_annualised_m,9269
2023-24 Q1,2023-09-30,2022-06-30,enrolled_dwellings,7086
2023-24 Q1,2023-09-30,2022-06-30,participants_with_sda_supports,19358
2023-24 Q1,2023-09-30,2022-06-30,participants_with_sil,26950
2023-24 Q1,2023-09-30,2022-06-30,sda_annualised_m,271
2023-24 Q1,2023-09-30,2022-06-30,sil_annualised_m,9649
2023-24 Q1,2023-09-30,2022-09-30,enrolled_dwellings,7334
2023-24 Q1,2023-09-30,2022-09-30,participants_with_sda_supports,20920
2023-24 Q1,2023-09-30,2022-09-30,participants_with_sil,28018
2023-24 Q1,2023-09-30,2022-09-30,sda_annualised_m,306
2023-24 Q1,2023-09-30,2022-09-30,sil_annualised_m,10817
2023-24 Q1,2023-09-30,2022-12-31,enrolled_dwellings,7451
2023-24 Q1,2023-09-30,2022-12-31,participants_with_sda_supports,22069
2023-24 Q1,2023-09-30,2022-12-31,participants_with_sil,29812
2023-24 Q1,2023-09-30,2022-12-31,sda_annualised_m,334
2023-24 Q1,2023-09-30,2022-12-31,sil_annualised_m,11892
2023-24 Q1,2023-09-30,2023-03-31,enrolled_dwellings,7720
2023-24 Q1,2023-09-30,2023-03-31,participants_with_sda_supports,22680
2023-24 Q1,2023-09-30,2023-03-31,participants_with_sil,31368
2023-24 Q1,2023-09-30,2023-03-31,sda_annualised_m,353
2023-24 Q1,2023-09-30,2023-03-31,sil_annualised_m,12804
2023-24 Q1,2023-09-30,2023-06-30,enrolled_dwellings,7925
2023-24 Q1,2023-09-30,2023-06-30,participants_with_sda_supports,23092
2023-24 Q1,2023-09-30,2023-06-30,participants_with_sil,31509
2023-24 Q1,2023-09-30,2023-06-30,sda_annualised_m,365
2023-24 Q1,2023-09-30,2023-06-30,sil_annualised_m,13075
2023-24 Q1,2023-09-30,2023-09-30,enrolled_dwellings,8299
2023-24 Q1,2023-09-30,2023-09-30,participants_with_sda_supports,23277
2023-24 Q1,2023-09-30,2023-09-30,participants_with_sil,32973
2023-24 Q1,2023-09-30,2023-09-30,sda_annualised_m,395
2023-24 Q1,2023-09-30,2023-09-30,sil_annualised_m,14376
2023-24 Q2,2023-12-31,2020-09-30,enrolled_dwellings,4478
2023-24 Q2,2023-12-31,2020-09-30,participants_with_sda_supports,15240
2023-24 Q2,2023-12-31,2020-09-30,participants_with_sil,23558
2023-24 Q2,2023-12-31,2020-09-30,sda_annualised_m,185
2023-24 Q2,2023-12-31,2020-09-30,sil_annualised_m,8439
2023-24 Q2,2023-12-31,2020-12-31,enrolled_dwellings,4921
2023-24 Q2,2023-12-31,2020-12-31,participants_with_sda_supports,15667
2023-24 Q2,2023-12-31,2020-12-31,participants_with_sil,23853
2023-24 Q2,2023-12-31,2020-12-31,sda_annualised_m,198
2023-24 Q2,2023-12-31,2020-12-31,sil_annualised_m,8533
2023-24 Q2,2023-12-31,2021-03-31,enrolled_dwellings,5109
2023-24 Q2,2023-12-31,2021-03-31,participants_with_sda_supports,15842
2023-24 Q2,2023-12-31,2021-03-31,participants_with_sil,24201
2023-24 Q2,2023-12-31,2021-03-31,sda_annualised_m,197
2023-24 Q2,2023-12-31,2021-03-31,sil_annualised_m,8585
2023-24 Q2,2023-12-31,2021-06-30,enrolled_dwellings,6224
2023-24 Q2,2023-12-31,2021-06-30,participants_with_sda_supports,16033
2023-24 Q2,2023-12-31,2021-06-30,participants_with_sil,24542
2023-24 Q2,2023-12-31,2021-06-30,sda_annualised_m,204
2023-24 Q2,2023-12-31,2021-06-30,sil_annualised_m,8695
2023-24 Q2,2023-12-31,2021-09-30,enrolled_dwellings,6561
2023-24 Q2,2023-12-31,2021-09-30,participants_with_sda_supports,16347
2023-24 Q2,2023-12-31,2021-09-30,participants_with_sil,25028
2023-24 Q2,2023-12-31,2021-09-30,sda_annualised_m,214
2023-24 Q2,2023-12-31,2021-09-30,sil_annualised_m,8844
2023-24 Q2,2023-12-31,2021-12-31,enrolled_dwellings,6764
2023-24 Q2,2023-12-31,2021-12-31,participants_with_sda_supports,16972
2023-24 Q2,2023-12-31,2021-12-31,participants_with_sil,25433
2023-24 Q2,2023-12-31,2021-12-31,sda_annualised_m,231
2023-24 Q2,2023-12-31,2021-12-31,sil_annualised_m,8988
2023-24 Q2,2023-12-31,2022-03-31,enrolled_dwellings,6858
2023-24 Q2,2023-12-31,2022-03-31,participants_with_sda_supports,17693
2023-24 Q2,2023-12-31,2022-03-31,participants_with_sil,26122
2023-24 Q2,2023-12-31,2022-03-31,sda_annualised_m,248
2023-24 Q2,2023-12-31,2022-03-31,sil_annualised_m,9269
2023-24 Q2,2023-12-31,2022-06-30,enrolled_dwellings,7086
2023-24 Q2,2023-12-31,2022-06-30,participants_with_sda_supports,19358
2023-24 Q2,2023-12-31,2022-06-30,participants_with_sil,26950
2023-24 Q2,2023-12-31,2022-06-30,sda_annualised_m,271
2023-24 Q2,2023-12-31,2022-06-30,sil_annualised_m,9649
2023-24 Q2,2023-12-31,2022-09-30,enrolled_dwellings,7334
2023-24 Q2,2023-12-31,2022-09-30,participants_with_sda_supports,20920
2023-24 Q2,2023-12-31,2022-09-30,participants_with_sil,28018
2023-24 Q2,2023-12-31,2022-09-30,sda_annualised_m,306
2023-24 Q2,2023-12-31,2022-09-30,sil_annualised_m,10817
2023-24 Q2,2023-12-31,2022-12-31,enrolled_dwellings,7451
2023-24 Q2,2023-12-31,2022-12-31,participants_with_sda_supports,22069
2023-24 Q2,2023-12-31,2022-12-31,participants_with_sil,29812
2023-24 Q2,2023-12-31,2022-12-31,sda_annualised_m,334
2023-24 Q2,2023-12-31,2022-12-31,sil_annualised_m,11892
2023-24 Q2,2023-12-31,2023-03-31,enrolled_dwellings,7720
2023-24 Q2,2023-12-31,2023-03-31,participants_with_sda_supports,22680
2023-24 Q2,2023-12-31,2023-03-31,participants_with_sil,31368
2023-24 Q2,2023-12-31,2023-03-31,sda_annualised_m,353
2023-24 Q2,2023-12-31,2023-03-31,sil_annualised_m,12804
2023-24 Q2,2023-12-31,2023-06-30,enrolled_dwellings,7925
2023-24 Q2,2023-12-31,2023-06-30,participants_with_sda_supports,23092
2023-24 Q2,2023-12-31,2023-06-30,participants_with_sil,31509
2023-24 Q2,2023-12-31,2023-06-30,sda_annualised_m,365
2023-24 Q2,2023-12-31,2023-06-30,sil_annualised_m,13075
2023-24 Q2,2023-12-31,2023-09-30,enrolled_dwellings,8299
2023-24 Q2,2023-12-31,2023-09-30,participants_with_sda_supports,23277
2023-24 Q2,2023-12-31,2023-09-30,participants_with_sil,32973
2023-24 Q2,2023-12-31,2023-09-30,sda_annualised_m,395
2023-24 Q2,2023-12-31,2023-09-30,sil_annualised_m,14376
2023-24 Q3,2024-03-31,2021-03-31,enrolled_dwellings,5109
2023-24 Q3,2024-03-31,2021-03-31,participants_with_sda_supports,15842
2023-24 Q3,2024-03-31,2021-03-31,participants_with_sil,24201
2023-24 Q3,2024-03-31,2021-03-31,sda_annualised_m,197
2023-24 Q3,2024-03-31,2021-03-31,sil_annualised_m,8585
2023-24 Q3,2024-03-31,2021-06-30,enrolled_dwellings,6224
2023-24 Q3,2024-03-31,2021-06-30,participants_with_sda_supports,16033
2023-24 Q3,2024-03-31,2021-06-30,participants_with_sil,24542
2023-24 Q3,2024-03-31,2021-06-30,sda_annualised_m,204
2023-24 Q3,2024-03-31,2021-06-30,sil_annualised_m,8695
2023-24 Q3,2024-03-31,2021-09-30,enrolled_dwellings,6561
2023-24 Q3,2024-03-31,2021-09-30,participants_with_sda_supports,16347
2023-24 Q3,2024-03-31,2021-09-30,participants_with_sil,25028
2023-24 Q3,2024-03-31,2021-09-30,sda_annualised_m,214
2023-24 Q3,2024-03-31,2021-09-30,sil_annualised_m,8844
2023-24 Q3,2024-03-31,2021-12-31,enrolled_dwellings,6764
2023-24 Q3,2024-03-31,2021-12-31,participants_with_sda_supports,16972
2023-24 Q3,2024-03-31,2021-12-31,participants_with_sil,25433
2023-24 Q3,2024-03-31,2021-12-31,sda_annualised_m,231
2023-24 Q3,2024-03-31,2021-12-31,sil_annualised_m,8988
2023-24 Q3,2024-03-31,2022-03-31,enrolled_dwellings,6858
2023-24 Q3,2024-03-31,2022-03-31,participants_with_sda_supports,17693
2023-24 Q3,2024-03-31,2022-03-31,participants_with_sil,26122
2023-24 Q3,2024-03-31,2022-03-31,sda_annualised_m,248
2023-24 Q3,2024-03-31,2022-03-31,sil_annualised_m,9269
2023-24 Q3,2024-03-31,2022-06-30,enrolled_dwellings,7086
2023-24 Q3,2024-03-31,2022-06-30,participants_with_sda_supports,19358
2023-24 Q3,2024-03-31,2022-06-30,participants_with_sil,26950
2023-24 Q3,2024-03-31,2022-06-30,sda_annualised_m,271
2023-24 Q3,2024-03-31,2022-06-30,sil_annualised_m,9649
2023-24 Q3,2024-03-31,2022-09-30,enrolled_dwellings,7334
2023-24 Q3,2024-03-31,2022-09-30,participants_with_sda_supports,20920
2023-24 Q3,2024-03-31,2022-09-30,participants_with_sil,28018
2023-24 Q3,2024-03-31,2022-09-30,sda_annualised_m,306
2023-24 Q3,2024-03-31,2022-09-30,sil_annualised_m,10817
2023-24 Q3,2024-03-31,2022-12-31,enrolled_dwellings,7451
2023-24 Q3,2024-03-31,2022-12-31,participants_with_sda_supports,22069
2023-24 Q3,2024-03-31,2022-12-31,participants_with_sil,29812
2023-24 Q3,2024-03-31,2022-12-31,sda_annualised_m,334
2023-24 Q3,2024-03-31,2022-12-31,sil_annualised_m,11892
2023-24 Q3,2024-03-31,2023-03-31,enrolled_dwellings,7720
2023-24 Q3,2024-03-31,2023-03-31,participants_with_sda_supports,22680
2023-24 Q3,2024-03-31,2023-03-31,participants_with_sil,31368
2023-24 Q3,2024-03-31,2023-03-31,sda_annualised_m,353
2023-24 Q3,2024-03-31,2023-03-31,sil_annualised_m,12804
2023-24 Q3,2024-03-31,2023-06-30,enrolled_dwellings,7925
2023-24 Q3,2024-03-31,2023-06-30,participants_with_sda_supports,23092
2023-24 Q3,2024-03-31,2023-06-30,participants_with_sil,31509
2023-24 Q3,2024-03-31,2023-06-30,sda_annualised_m,365
2023-24 Q3,2024-03-31,2023-06-30,sil_annualised_m,13075
2023-24 Q3,2024-03-31,2023-09-30,enrolled_dwellings,8299
2023-24 Q3,2024-03-31,2023-09-30,participants_with_sda_supports,23277
2023-24 Q3,2024-03-31,2023-09-30,participants_with_sil,32973
2023-24 Q3,2024-03-31,2023-09-30,sda_annualised_m,395
2023-24 Q3,2024-03-31,2023-09-30,sil_annualised_m,14376
2023-24 Q3,2024-03-31,2023-12-31,enrolled_dwellings,8590
2023-24 Q3,2024-03-31,2023-12-31,participants_with_sda_supports,23058
2023-24 Q3,2024-03-31,2023-12-31,participants_with_sil,33581
2023-24 Q3,2024-03-31,2023-12-31,sda_annualised_m,440
2023-24 Q3,2024-03-31,2023-12-31,sil_annualised_m,14894
2023-24 Q3,2024-03-31,2024-03-31,enrolled_dwellings,8886
2023-24 Q3,2024-03-31,2024-03-31,participants_with_sda_supports,22022
2023-24 Q3,2024-03-31,2024-03-31,participants_with_sil,34310
2023-24 Q3,2024-03-31,2024-03-31,sda_annualised_m,452
2023-24 Q3,2024-03-31,2024-03-31,sil_annualised_m,15350
2023-24 Q4,2024-06-30,2021-03-31,enrolled_dwellings,5109
2023-24 Q4,2024-06-30,2021-03-31,participants_with_sda_supports,15842
2023-24 Q4,2024-06-30,2021-03-31,participants_with_sil,24201
2023-24 Q4,2024-06-30,2021-03-31,sda_annualised_m,197
2023-24 Q4,2024-06-30,2021-03-31,sil_annualised_m,8585
2023-24 Q4,2024-06-30,2021-06-30,enrolled_dwellings,6224
2023-24 Q4,2024-06-30,2021-06-30,participants_with_sda_supports,16033
2023-24 Q4,2024-06-30,2021-06-30,participants_with_sil,24542
2023-24 Q4,2024-06-30,2021-06-30,sda_annualised_m,204
2023-24 Q4,2024-06-30,2021-06-30,sil_annualised_m,8695
2023-24 Q4,2024-06-30,2021-09-30,enrolled_dwellings,6561
2023-24 Q4,2024-06-30,2021-09-30,participants_with_sda_supports,16347
2023-24 Q4,2024-06-30,2021-09-30,participants_with_sil,25028
2023-24 Q4,2024-06-30,2021-09-30,sda_annualised_m,214
2023-24 Q4,2024-06-30,2021-09-30,sil_annualised_m,8844
2023-24 Q4,2024-06-30,2021-12-31,enrolled_dwellings,6764
2023-24 Q4,2024-06-30,2021-12-31,participants_with_sda_supports,16972
2023-24 Q4,2024-06-30,2021-12-31,participants_with_sil,25433
2023-24 Q4,2024-06-30,2021-12-31,sda_annualised_m,231
2023-24 Q4,2024-06-30,2021-12-31,sil_annualised_m,8988
2023-24 Q4,2024-06-30,2022-03-31,enrolled_dwellings,6858
2023-24 Q4,2024-06-30,2022-03-31,participants_with_sda_supports,17693
2023-24 Q4,2024-06-30,2022-03-31,participants_with_sil,26122
2023-24 Q4,2024-06-30,2022-03-31,sda_annualised_m,248
2023-24 Q4,2024-06-30,2022-03-31,sil_annualised_m,9269
2023-24 Q4,2024-06-30,2022-06-30,enrolled_dwellings,7086
2023-24 Q4,2024-06-30,2022-06-30,participants_with_sda_supports,19358
2023-24 Q4,2024-06-30,2022-06-30,participants_with_sil,26950
2023-24 Q4,2024-06-30,2022-06-30,sda_annualised_m,271
2023-24 Q4,2024-06-30,2022-06-30,sil_annualised_m,9649
2023-24 Q4,2024-06-30,2022-09-30,enrolled_dwellings,7334
2023-24 Q4,2024-06-30,2022-09-30,participants_with_sda_supports,20920
2023-24 Q4,2024-06-30,2022-09-30,participants_with_sil,28018
2023-24 Q4,2024-06-30,2022-09-30,sda_annualised_m,306
2023-24 Q4,2024-06-30,2022-09-30,sil_annualised_m,10817
2023-24 Q4,2024-06-30,2022-12-31,enrolled_dwellings,7451
2023-24 Q4,2024-06-30,2022-12-31,participants_with_sda_supports,22069
2023-24 Q4,2024-06-30,2022-12-31,participants_with_sil,29812
2023-24 Q4,2024-06-30,2022-12-31,sda_annualised_m,334
2023-24 Q4,2024-06-30,2022-12-31,sil_annualised_m,11892
2023-24 Q4,2024-06-30,2023-03-31,enrolled_dwellings,7720
2023-24 Q4,2024-06-30,2023-03-31,participants_with_sda_supports,22680
2023-24 Q4,2024-06-30,2023-03-31,participants_with_sil,31368
2023-24 Q4,2024-06-30,2023-03-31,sda_annualised_m,353
2023-24 Q4,2024-06-30,2023-03-31,sil_annualised_m,12804
2023-24 Q4,2024-06-30,2023-06-30,enrolled_dwellings,7925
2023-24 Q4,2024-06-30,2023-06-30,participants_with_sda_supports,23092
2023-24 Q4,2024-06-30,2023-06-30,participants_with_sil,31509
2023-24 Q4,2024-06-30,2023-06-30,sda_annualised_m,365
2023-24 Q4,2024-06-30,2023-06-30,sil_annualised_m,13075
2023-24 Q4,2024-06-30,2023-09-30,enrolled_dwellings,8299
2023-24 Q4,2024-06-30,2023-09-30,participants_with_sda_supports,23277
2023-24 Q4,2024-06-30,2023-09-30,participants_with_sil,32973
2023-24 Q4,2024-06-30,2023-09-30,sda_annualised_m,395
2023-24 Q4,2024-06-30,2023-09-30,sil_annualised_m,14376
2023-24 Q4,2024-06-30,2023-12-31,enrolled_dwellings,8590
2023-24 Q4,2024-06-30,2023-12-31,participants_with_sda_supports,23058
2023-24 Q4,2024-06-30,2023-12-31,participants_with_sil,33581
2023-24 Q4,2024-06-30,2023-12-31,sda_annualised_m,440
2023-24 Q4,2024-06-30,2023-12-31,sil_annualised_m,14894
2023-24 Q4,2024-06-30,2024-03-31,enrolled_dwellings,8886
2023-24 Q4,2024-06-30,2024-03-31,participants_with_sda_supports,22022
2023-24 Q4,2024-06-30,2024-03-31,participants_with_sil,34310
2023-24 Q4,2024-06-30,2024-03-31,sda_annualised_m,452
2023-24 Q4,2024-06-30,2024-03-31,sil_annualised_m,15350
2024-25 Q1,2024-09-30,2021-09-30,enrolled_dwellings,6561
2024-25 Q1,2024-09-30,2021-09-30,participants_with_sil,25028
2024-25 Q1,2024-09-30,2021-09-30,sda_annualised_m,214
2024-25 Q1,2024-09-30,2021-09-30,sil_annualised_m,8844
2024-25 Q1,2024-09-30,2021-12-31,enrolled_dwellings,6764
2024-25 Q1,2024-09-30,2021-12-31,participants_with_sil,25433
2024-25 Q1,2024-09-30,2021-12-31,sda_annualised_m,231
2024-25 Q1,2024-09-30,2021-12-31,sil_annualised_m,8988
2024-25 Q1,2024-09-30,2022-03-31,enrolled_dwellings,6858
2024-25 Q1,2024-09-30,2022-03-31,participants_with_sil,26122
2024-25 Q1,2024-09-30,2022-03-31,sda_annualised_m,248
2024-25 Q1,2024-09-30,2022-03-31,sil_annualised_m,9269
2024-25 Q1,2024-09-30,2022-06-30,enrolled_dwellings,7086
2024-25 Q1,2024-09-30,2022-06-30,participants_with_sil,26950
2024-25 Q1,2024-09-30,2022-06-30,sda_annualised_m,271
2024-25 Q1,2024-09-30,2022-06-30,sil_annualised_m,9649
2024-25 Q1,2024-09-30,2022-09-30,enrolled_dwellings,7334
2024-25 Q1,2024-09-30,2022-09-30,participants_eligible_not_using,8584
2024-25 Q1,2024-09-30,2022-09-30,participants_sda_in_use,13328
2024-25 Q1,2024-09-30,2022-09-30,participants_with_sil,28018
2024-25 Q1,2024-09-30,2022-09-30,sda_annualised_m,306
2024-25 Q1,2024-09-30,2022-09-30,sil_annualised_m,10817
2024-25 Q1,2024-09-30,2022-12-31,enrolled_dwellings,7451
2024-25 Q1,2024-09-30,2022-12-31,participants_eligible_not_using,9315
2024-25 Q1,2024-09-30,2022-12-31,participants_sda_in_use,13505
2024-25 Q1,2024-09-30,2022-12-31,participants_with_sil,29812
2024-25 Q1,2024-09-30,2022-12-31,sda_annualised_m,334
2024-25 Q1,2024-09-30,2022-12-31,sil_annualised_m,11892
2024-25 Q1,2024-09-30,2023-03-31,enrolled_dwellings,7720
2024-25 Q1,2024-09-30,2023-03-31,participants_eligible_not_using,9670
2024-25 Q1,2024-09-30,2023-03-31,participants_sda_in_use,13740
2024-25 Q1,2024-09-30,2023-03-31,participants_with_sil,31368
2024-25 Q1,2024-09-30,2023-03-31,sda_annualised_m,353
2024-25 Q1,2024-09-30,2023-03-31,sil_annualised_m,12804
2024-25 Q1,2024-09-30,2023-06-30,enrolled_dwellings,7925
2024-25 Q1,2024-09-30,2023-06-30,participants_eligible_not_using,9853
2024-25 Q1,2024-09-30,2023-06-30,participants_sda_in_use,13971
2024-25 Q1,2024-09-30,2023-06-30,participants_with_sil,31509
2024-25 Q1,2024-09-30,2023-06-30,sda_annualised_m,365
2024-25 Q1,2024-09-30,2023-06-30,sil_annualised_m,13075
2024-25 Q1,2024-09-30,2023-09-30,enrolled_dwellings,8299
2024-25 Q1,2024-09-30,2023-09-30,participants_eligible_not_using,10151
2024-25 Q1,2024-09-30,2023-09-30,participants_sda_in_use,13906
2024-25 Q1,2024-09-30,2023-09-30,participants_with_sil,32973
2024-25 Q1,2024-09-30,2023-09-30,sda_annualised_m,395
2024-25 Q1,2024-09-30,2023-09-30,sil_annualised_m,14376
2024-25 Q1,2024-09-30,2023-12-31,enrolled_dwellings,8590
2024-25 Q1,2024-09-30,2023-12-31,participants_eligible_not_using,10091
2024-25 Q1,2024-09-30,2023-12-31,participants_sda_in_use,14097
2024-25 Q1,2024-09-30,2023-12-31,participants_with_sil,33581
2024-25 Q1,2024-09-30,2023-12-31,sda_annualised_m,440
2024-25 Q1,2024-09-30,2023-12-31,sil_annualised_m,14894
2024-25 Q1,2024-09-30,2024-03-31,enrolled_dwellings,8886
2024-25 Q1,2024-09-30,2024-03-31,participants_eligible_not_using,10054
2024-25 Q1,2024-09-30,2024-03-31,participants_sda_in_use,14088
2024-25 Q1,2024-09-30,2024-03-31,participants_with_sil,34310
2024-25 Q1,2024-09-30,2024-03-31,sda_annualised_m,452
2024-25 Q1,2024-09-30,2024-03-31,sil_annualised_m,15350
2024-25 Q1,2024-09-30,2024-06-30,enrolled_dwellings,9487
2024-25 Q1,2024-09-30,2024-06-30,participants_eligible_not_using,9955
2024-25 Q1,2024-09-30,2024-06-30,participants_sda_in_use,14179
2024-25 Q1,2024-09-30,2024-06-30,participants_with_sil,34850
2024-25 Q1,2024-09-30,2024-06-30,sda_annualised_m,470
2024-25 Q1,2024-09-30,2024-06-30,sil_annualised_m,15720
2024-25 Q1,2024-09-30,2024-09-30,enrolled_dwellings,10120
2024-25 Q1,2024-09-30,2024-09-30,participants_eligible_not_using,9891
2024-25 Q1,2024-09-30,2024-09-30,participants_sda_in_use,14290
2024-25 Q1,2024-09-30,2024-09-30,participants_with_sil,35371
2024-25 Q1,2024-09-30,2024-09-30,sda_annualised_m,498
2024-25 Q1,2024-09-30,2024-09-30,sil_annualised_m,16352
2024-25 Q2,2024-12-31,2021-12-31,enrolled_dwellings,6764
2024-25 Q2,2024-12-31,2021-12-31,participants_with_sil,25433
2024-25 Q2,2024-12-31,2021-12-31,sda_annualised_m,231
2024-25 Q2,2024-12-31,2021-12-31,sil_annualised_m,8988
2024-25 Q2,2024-12-31,2022-03-31,enrolled_dwellings,6858
2024-25 Q2,2024-12-31,2022-03-31,participants_with_sil,26122
2024-25 Q2,2024-12-31,2022-03-31,sda_annualised_m,248
2024-25 Q2,2024-12-31,2022-03-31,sil_annualised_m,9269
2024-25 Q2,2024-12-31,2022-06-30,enrolled_dwellings,7086
2024-25 Q2,2024-12-31,2022-06-30,participants_with_sil,26950
2024-25 Q2,2024-12-31,2022-06-30,sda_annualised_m,271
2024-25 Q2,2024-12-31,2022-06-30,sil_annualised_m,9649
2024-25 Q2,2024-12-31,2022-09-30,enrolled_dwellings,7334
2024-25 Q2,2024-12-31,2022-09-30,participants_with_sda_supports,8584
2024-25 Q2,2024-12-31,2022-09-30,participants_with_sil,28018
2024-25 Q2,2024-12-31,2022-09-30,sda_annualised_m,306
2024-25 Q2,2024-12-31,2022-09-30,sil_annualised_m,10817
2024-25 Q2,2024-12-31,2022-12-31,enrolled_dwellings,7451
2024-25 Q2,2024-12-31,2022-12-31,participants_with_sda_supports,9315
2024-25 Q2,2024-12-31,2022-12-31,participants_with_sil,29812
2024-25 Q2,2024-12-31,2022-12-31,sda_annualised_m,334
2024-25 Q2,2024-12-31,2022-12-31,sil_annualised_m,11892
2024-25 Q2,2024-12-31,2023-03-31,enrolled_dwellings,7720
2024-25 Q2,2024-12-31,2023-03-31,participants_with_sda_supports,9670
2024-25 Q2,2024-12-31,2023-03-31,participants_with_sil,31368
2024-25 Q2,2024-12-31,2023-03-31,sda_annualised_m,353
2024-25 Q2,2024-12-31,2023-03-31,sil_annualised_m,12804
2024-25 Q2,2024-12-31,2023-06-30,enrolled_dwellings,7925
2024-25 Q2,2024-12-31,2023-06-30,participants_with_sda_supports,9853
2024-25 Q2,2024-12-31,2023-06-30,participants_with_sil,31509
2024-25 Q2,2024-12-31,2023-06-30,sda_annualised_m,365
2024-25 Q2,2024-12-31,2023-06-30,sil_annualised_m,13075
2024-25 Q2,2024-12-31,2023-09-30,enrolled_dwellings,8299
2024-25 Q2,2024-12-31,2023-09-30,participants_with_sda_supports,10151
2024-25 Q2,2024-12-31,2023-09-30,participants_with_sil,32973
2024-25 Q2,2024-12-31,2023-09-30,sda_annualised_m,395
2024-25 Q2,2024-12-31,2023-09-30,sil_annualised_m,14376
2024-25 Q2,2024-12-31,2023-12-31,enrolled_dwellings,8590
2024-25 Q2,2024-12-31,2023-12-31,participants_with_sda_supports,10091
2024-25 Q2,2024-12-31,2023-12-31,participants_with_sil,33581
2024-25 Q2,2024-12-31,2023-12-31,sda_annualised_m,440
2024-25 Q2,2024-12-31,2023-12-31,sil_annualised_m,14894
2024-25 Q2,2024-12-31,2024-03-31,enrolled_dwellings,8886
2024-25 Q2,2024-12-31,2024-03-31,participants_with_sda_supports,10054
2024-25 Q2,2024-12-31,2024-03-31,participants_with_sil,34310
2024-25 Q2,2024-12-31,2024-03-31,sda_annualised_m,452
2024-25 Q2,2024-12-31,2024-03-31,sil_annualised_m,15350
2024-25 Q2,2024-12-31,2024-06-30,enrolled_dwellings,9487
2024-25 Q2,2024-12-31,2024-06-30,participants_with_sda_supports,9955
2024-25 Q2,2024-12-31,2024-06-30,participants_with_sil,34850
2024-25 Q2,2024-12-31,2024-06-30,sda_annualised_m,470
2024-25 Q2,2024-12-31,2024-06-30,sil_annualised_m,15720
2024-25 Q2,2024-12-31,2024-09-30,enrolled_dwellings,10120
2024-25 Q2,2024-12-31,2024-09-30,participants_with_sda_supports,9891
2024-25 Q2,2024-12-31,2024-09-30,participants_with_sil,35371
2024-25 Q2,2024-12-31,2024-09-30,sda_annualised_m,498
2024-25 Q2,2024-12-31,2024-09-30,sil_annualised_m,16352
2024-25 Q2,2024-12-31,2024-12-31,enrolled_dwellings,10749
2024-25 Q2,2024-12-31,2024-12-31,participants_with_sda_supports,9834
2024-25 Q2,2024-12-31,2024-12-31,participants_with_sil,35972
2024-25 Q2,2024-12-31,2024-12-31,sda_annualised_m,517
2024-25 Q2,2024-12-31,2024-12-31,sil_annualised_m,16805
2024-25 Q3,2025-03-31,2022-03-31,enrolled_dwellings,6858
2024-25 Q3,2025-03-31,2022-03-31,participants_with_sil,26122
2024-25 Q3,2025-03-31,2022-03-31,sda_annualised_m,248
2024-25 Q3,2025-03-31,2022-03-31,sil_annualised_m,9269
2024-25 Q3,2025-03-31,2022-06-30,enrolled_dwellings,7086
2024-25 Q3,2025-03-31,2022-06-30,participants_with_sil,26950
2024-25 Q3,2025-03-31,2022-06-30,sda_annualised_m,271
2024-25 Q3,2025-03-31,2022-06-30,sil_annualised_m,9649
2024-25 Q3,2025-03-31,2022-09-30,enrolled_dwellings,7334
2024-25 Q3,2025-03-31,2022-09-30,participants_eligible_not_using,8584
2024-25 Q3,2025-03-31,2022-09-30,participants_sda_in_use,13238
2024-25 Q3,2025-03-31,2022-09-30,participants_with_sil,28018
2024-25 Q3,2025-03-31,2022-09-30,sda_annualised_m,306
2024-25 Q3,2025-03-31,2022-09-30,sil_annualised_m,10817
2024-25 Q3,2025-03-31,2022-12-31,enrolled_dwellings,7451
2024-25 Q3,2025-03-31,2022-12-31,participants_eligible_not_using,9315
2024-25 Q3,2025-03-31,2022-12-31,participants_sda_in_use,13505
2024-25 Q3,2025-03-31,2022-12-31,participants_with_sil,29812
2024-25 Q3,2025-03-31,2022-12-31,sda_annualised_m,334
2024-25 Q3,2025-03-31,2022-12-31,sil_annualised_m,11892
2024-25 Q3,2025-03-31,2023-03-31,enrolled_dwellings,7720
2024-25 Q3,2025-03-31,2023-03-31,participants_eligible_not_using,9670
2024-25 Q3,2025-03-31,2023-03-31,participants_sda_in_use,13740
2024-25 Q3,2025-03-31,2023-03-31,participants_with_sil,31368
2024-25 Q3,2025-03-31,2023-03-31,sda_annualised_m,353
2024-25 Q3,2025-03-31,2023-03-31,sil_annualised_m,12804
2024-25 Q3,2025-03-31,2023-06-30,enrolled_dwellings,7925
2024-25 Q3,2025-03-31,2023-06-30,participants_eligible_not_using,9853
2024-25 Q3,2025-03-31,2023-06-30,participants_sda_in_use,13971
2024-25 Q3,2025-03-31,2023-06-30,participants_with_sil,31509
2024-25 Q3,2025-03-31,2023-06-30,sda_annualised_m,365
2024-25 Q3,2025-03-31,2023-06-30,sil_annualised_m,13075
2024-25 Q3,2025-03-31,2023-09-30,enrolled_dwellings,8299
2024-25 Q3,2025-03-31,2023-09-30,participants_eligible_not_using,10151
2024-25 Q3,2025-03-31,2023-09-30,participants_sda_in_use,13906
2024-25 Q3,2025-03-31,2023-09-30,participants_with_sil,32973
2024-25 Q3,2025-03-31,2023-09-30,sda_annualised_m,395
2024-25 Q3,2025-03-31,2023-09-30,sil_annualised_m,14376
2024-25 Q3,2025-03-31,2023-12-31,enrolled_dwellings,8590
2024-25 Q3,2025-03-31,2023-12-31,participants_eligible_not_using,10091
2024-25 Q3,2025-03-31,2023-12-31,participants_sda_in_use,14097
2024-25 Q3,2025-03-31,2023-12-31,participants_with_sil,33581
2024-25 Q3,2025-03-31,2023-12-31,sda_annualised_m,440
2024-25 Q3,2025-03-31,2023-12-31,sil_annualised_m,14894
2024-25 Q3,2025-03-31,2024-03-31,enrolled_dwellings,8886
2024-25 Q3,2025-03-31,2024-03-31,participants_eligible_not_using,10054
2024-25 Q3,2025-03-31,2024-03-31,participants_sda_in_use,14088
2024-25 Q3,2025-03-31,2024-03-31,participants_with_sil,34310
2024-25 Q3,2025-03-31,2024-03-31,sda_annualised_m,452
2024-25 Q3,2025-03-31,2024-03-31,sil_annualised_m,15350
2024-25 Q3,2025-03-31,2024-06-30,enrolled_dwellings,9487
2024-25 Q3,2025-03-31,2024-06-30,participants_eligible_not_using,9955
2024-25 Q3,2025-03-31,2024-06-30,participants_sda_in_use,14179
2024-25 Q3,2025-03-31,2024-06-30,participants_with_sil,34850
2024-25 Q3,2025-03-31,2024-06-30,sda_annualised_m,470
2024-25 Q3,2025-03-31,2024-06-30,sil_annualised_m,15720
2024-25 Q3,2025-03-31,2024-09-30,enrolled_dwellings,10120
2024-25 Q3,2025-03-31,2024-09-30,participants_eligible_not_using,9891
2024-25 Q3,2025-03-31,2024-09-30,participants_sda_in_use,14290
2024-25 Q3,2025-03-31,2024-09-30,participants_with_sil,35371
2024-25 Q3,2025-03-31,2024-09-30,sda_annualised_m,498
2024-25 Q3,2025-03-31,2024-09-30,sil_annualised_m,16352
2024-25 Q3,2025-03-31,2024-12-31,enrolled_dwellings,10749
2024-25 Q3,2025-03-31,2024-12-31,participants_eligible_not_using,9834
2024-25 Q3,2025-03-31,2024-12-31,participants_sda_in_use,14688
2024-25 Q3,2025-03-31,2024-12-31,participants_with_sil,35972
2024-25 Q3,2025-03-31,2024-12-31,sda_annualised_m,517
2024-25 Q3,2025-03-31,2024-12-31,sil_annualised_m,16805
2024-25 Q3,2025-03-31,2025-03-31,enrolled_dwellings,11360
2024-25 Q3,2025-03-31,2025-03-31,participants_eligible_not_using,9662
2024-25 Q3,2025-03-31,2025-03-31,participants_sda_in_use,15099
2024-25 Q3,2025-03-31,2025-03-31,participants_with_sil,36432
2024-25 Q3,2025-03-31,2025-03-31,sda_annualised_m,542
2024-25 Q3,2025-03-31,2025-03-31,sil_annualised_m,17165
2024-25 Q4,2025-06-30,2022-06-30,enrolled_dwellings,7086
2024-25 Q4,2025-06-30,2022-06-30,participants_with_sil,26950
2024-25 Q4,2025-06-30,2022-06-30,sda_annualised_m,271
2024-25 Q4,2025-06-30,2022-06-30,sil_annualised_m,9649
2024-25 Q4,2025-06-30,2022-09-30,enrolled_dwellings,7334
2024-25 Q4,2025-06-30,2022-09-30,participants_eligible_not_using,8584
2024-25 Q4,2025-06-30,2022-09-30,participants_sda_in_use,13238
2024-25 Q4,2025-06-30,2022-09-30,participants_with_sil,28018
2024-25 Q4,2025-06-30,2022-09-30,sda_annualised_m,306
2024-25 Q4,2025-06-30,2022-09-30,sil_annualised_m,10817
2024-25 Q4,2025-06-30,2022-12-31,enrolled_dwellings,7451
2024-25 Q4,2025-06-30,2022-12-31,participants_eligible_not_using,9315
2024-25 Q4,2025-06-30,2022-12-31,participants_sda_in_use,13505
2024-25 Q4,2025-06-30,2022-12-31,participants_with_sil,29812
2024-25 Q4,2025-06-30,2022-12-31,sda_annualised_m,334
2024-25 Q4,2025-06-30,2022-12-31,sil_annualised_m,11892
2024-25 Q4,2025-06-30,2023-03-31,enrolled_dwellings,7720
2024-25 Q4,2025-06-30,2023-03-31,participants_eligible_not_using,9670
2024-25 Q4,2025-06-30,2023-03-31,participants_sda_in_use,13740
2024-25 Q4,2025-06-30,2023-03-31,participants_with_sil,31368
2024-25 Q4,2025-06-30,2023-03-31,sda_annualised_m,353
2024-25 Q4,2025-06-30,2023-03-31,sil_annualised_m,12804
2024-25 Q4,2025-06-30,2023-06-30,enrolled_dwellings,7925
2024-25 Q4,2025-06-30,2023-06-30,participants_eligible_not_using,9853
2024-25 Q4,2025-06-30,2023-06-30,participants_sda_in_use,13971
2024-25 Q4,2025-06-30,2023-06-30,participants_with_sil,31509
2024-25 Q4,2025-06-30,2023-06-30,sda_annualised_m,365
2024-25 Q4,2025-06-30,2023-06-30,sil_annualised_m,13075
2024-25 Q4,2025-06-30,2023-09-30,enrolled_dwellings,8299
2024-25 Q4,2025-06-30,2023-09-30,participants_eligible_not_using,10151
2024-25 Q4,2025-06-30,2023-09-30,participants_sda_in_use,13906
2024-25 Q4,2025-06-30,2023-09-30,participants_with_sil,32973
2024-25 Q4,2025-06-30,2023-09-30,sda_annualised_m,395
2024-25 Q4,2025-06-30,2023-09-30,sil_annualised_m,14376
2024-25 Q4,2025-06-30,2023-12-31,enrolled_dwellings,8590
2024-25 Q4,2025-06-30,2023-12-31,participants_eligible_not_using,10091
2024-25 Q4,2025-06-30,2023-12-31,participants_sda_in_use,14097
2024-25 Q4,2025-06-30,2023-12-31,participants_with_sil,33581
2024-25 Q4,2025-06-30,2023-12-31,sda_annualised_m,440
2024-25 Q4,2025-06-30,2023-12-31,sil_annualised_m,14894
2024-25 Q4,2025-06-30,2024-03-31,enrolled_dwellings,8886
2024-25 Q4,2025-06-30,2024-03-31,participants_eligible_not_using,10054
2024-25 Q4,2025-06-30,2024-03-31,participants_sda_in_use,14088
2024-25 Q4,2025-06-30,2024-03-31,participants_with_sil,34310
2024-25 Q4,2025-06-30,2024-03-31,sda_annualised_m,452
2024-25 Q4,2025-06-30,2024-03-31,sil_annualised_m,15350
2024-25 Q4,2025-06-30,2024-06-30,enrolled_dwellings,9487
2024-25 Q4,2025-06-30,2024-06-30,participants_eligible_not_using,9955
2024-25 Q4,2025-06-30,2024-06-30,participants_sda_in_use,14179
2024-25 Q4,2025-06-30,2024-06-30,participants_with_sil,34850
2024-25 Q4,2025-06-30,2024-06-30,sda_annualised_m,470
2024-25 Q4,2025-06-30,2024-06-30,sil_annualised_m,15720
2024-25 Q4,2025-06-30,2024-09-30,enrolled_dwellings,10120
2024-25 Q4,2025-06-30,2024-09-30,participants_eligible_not_using,9891
2024-25 Q4,2025-06-30,2024-09-30,participants_sda_in_use,14290
2024-25 Q4,2025-06-30,2024-09-30,participants_with_sil,35371
2024-25 Q4,2025-06-30,2024-09-30,sda_annualised_m,498
2024-25 Q4,2025-06-30,2024-09-30,sil_annualised_m,16352
2024-25 Q4,2025-06-30,2024-12-31,enrolled_dwellings,10749
2024-25 Q4,2025-06-30,2024-12-31,participants_eligible_not_using,9834
2024-25 Q4,2025-06-30,2024-12-31,participants_sda_in_use,14688
2024-25 Q4,2025-06-30,2024-12-31,participants_with_sil,35972
2024-25 Q4,2025-06-30,2024-12-31,sda_annualised_m,517
2024-25 Q4,2025-06-30,2024-12-31,sil_annualised_m,16805
2024-25 Q4,2025-06-30,2025-03-31,enrolled_dwellings,11360
2024-25 Q4,2025-06-30,2025-03-31,participants_eligible_not_using,9662
2024-25 Q4,2025-06-30,2025-03-31,participants_sda_in_use,15099
2024-25 Q4,2025-06-30,2025-03-31,participants_with_sil,36432
2024-25 Q4,2025-06-30,2025-03-31,sda_annualised_m,542
2024-25 Q4,2025-06-30,2025-03-31,sil_annualised_m,17165
2024-25 Q4,2025-06-30,2025-06-30,enrolled_dwellings,11642
2024-25 Q4,2025-06-30,2025-06-30,participants_eligible_not_using,9880
2024-25 Q4,2025-06-30,2025-06-30,participants_sda_in_use,15177
2024-25 Q4,2025-06-30,2025-06-30,participants_with_sil,36691
2024-25 Q4,2025-06-30,2025-06-30,sda_annualised_m,560
2024-25 Q4,2025-06-30,2025-06-30,sil_annualised_m,17389
2025-26 Q1,2025-09-30,2022-09-30,enrolled_dwellings,7334
2025-26 Q1,2025-09-30,2022-09-30,participants_eligible_not_using,8584
2025-26 Q1,2025-09-30,2022-09-30,participants_sda_in_use,13238
2025-26 Q1,2025-09-30,2022-09-30,participants_with_sil,28018
2025-26 Q1,2025-09-30,2022-09-30,sda_annualised_m,306
2025-26 Q1,2025-09-30,2022-09-30,sil_annualised_m,10817
2025-26 Q1,2025-09-30,2022-12-31,enrolled_dwellings,7451
2025-26 Q1,2025-09-30,2022-12-31,participants_eligible_not_using,9315
2025-26 Q1,2025-09-30,2022-12-31,participants_sda_in_use,13505
2025-26 Q1,2025-09-30,2022-12-31,participants_with_sil,29812
2025-26 Q1,2025-09-30,2022-12-31,sda_annualised_m,334
2025-26 Q1,2025-09-30,2022-12-31,sil_annualised_m,11892
2025-26 Q1,2025-09-30,2023-03-31,enrolled_dwellings,7720
2025-26 Q1,2025-09-30,2023-03-31,participants_eligible_not_using,9670
2025-26 Q1,2025-09-30,2023-03-31,participants_sda_in_use,13740
2025-26 Q1,2025-09-30,2023-03-31,participants_with_sil,31368
2025-26 Q1,2025-09-30,2023-03-31,sda_annualised_m,353
2025-26 Q1,2025-09-30,2023-03-31,sil_annualised_m,12804
2025-26 Q1,2025-09-30,2023-06-30,enrolled_dwellings,7925
2025-26 Q1,2025-09-30,2023-06-30,participants_eligible_not_using,9853
2025-26 Q1,2025-09-30,2023-06-30,participants_sda_in_use,13971
2025-26 Q1,2025-09-30,2023-06-30,participants_with_sil,31509
2025-26 Q1,2025-09-30,2023-06-30,sda_annualised_m,365
2025-26 Q1,2025-09-30,2023-06-30,sil_annualised_m,13075
2025-26 Q1,2025-09-30,2023-09-30,enrolled_dwellings,8299
2025-26 Q1,2025-09-30,2023-09-30,participants_eligible_not_using,10151
2025-26 Q1,2025-09-30,2023-09-30,participants_sda_in_use,13906
2025-26 Q1,2025-09-30,2023-09-30,participants_with_sil,32973
2025-26 Q1,2025-09-30,2023-09-30,sda_annualised_m,395
2025-26 Q1,2025-09-30,2023-09-30,sil_annualised_m,14376
2025-26 Q1,2025-09-30,2023-12-31,enrolled_dwellings,8590
2025-26 Q1,2025-09-30,2023-12-31,participants_eligible_not_using,10091
2025-26 Q1,2025-09-30,2023-12-31,participants_sda_in_use,14097
2025-26 Q1,2025-09-30,2023-12-31,participants_with_sil,33581
2025-26 Q1,2025-09-30,2023-12-31,sda_annualised_m,440
2025-26 Q1,2025-09-30,2023-12-31,sil_annualised_m,14894
2025-26 Q1,2025-09-30,2024-03-31,enrolled_dwellings,8886
2025-26 Q1,2025-09-30,2024-03-31,participants_eligible_not_using,10054
2025-26 Q1,2025-09-30,2024-03-31,participants_sda_in_use,14088
2025-26 Q1,2025-09-30,2024-03-31,participants_with_sil,34310
2025-26 Q1,2025-09-30,2024-03-31,sda_annualised_m,452
2025-26 Q1,2025-09-30,2024-03-31,sil_annualised_m,15350
2025-26 Q1,2025-09-30,2024-06-30,enrolled_dwellings,9487
2025-26 Q1,2025-09-30,2024-06-30,participants_eligible_not_using,9955
2025-26 Q1,2025-09-30,2024-06-30,participants_sda_in_use,14179
2025-26 Q1,2025-09-30,2024-06-30,participants_with_sil,34850
2025-26 Q1,2025-09-30,2024-06-30,sda_annualised_m,470
2025-26 Q1,2025-09-30,2024-06-30,sil_annualised_m,15720
2025-26 Q1,2025-09-30,2024-09-30,enrolled_dwellings,10120
2025-26 Q1,2025-09-30,2024-09-30,participants_eligible_not_using,9891
2025-26 Q1,2025-09-30,2024-09-30,participants_sda_in_use,14290
2025-26 Q1,2025-09-30,2024-09-30,participants_with_sil,35371
2025-26 Q1,2025-09-30,2024-09-30,sda_annualised_m,498
2025-26 Q1,2025-09-30,2024-09-30,sil_annualised_m,16352
2025-26 Q1,2025-09-30,2024-12-31,enrolled_dwellings,10749
2025-26 Q1,2025-09-30,2024-12-31,participants_eligible_not_using,9834
2025-26 Q1,2025-09-30,2024-12-31,participants_sda_in_use,14688
2025-26 Q1,2025-09-30,2024-12-31,participants_with_sil,35972
2025-26 Q1,2025-09-30,2024-12-31,sda_annualised_m,517
2025-26 Q1,2025-09-30,2024-12-31,sil_annualised_m,16805
2025-26 Q1,2025-09-30,2025-03-31,enrolled_dwellings,11360
2025-26 Q1,2025-09-30,2025-03-31,participants_eligible_not_using,9662
2025-26 Q1,2025-09-30,2025-03-31,participants_sda_in_use,15099
2025-26 Q1,2025-09-30,2025-03-31,participants_with_sil,36432
2025-26 Q1,2025-09-30,2025-03-31,sda_annualised_m,542
2025-26 Q1,2025-09-30,2025-03-31,sil_annualised_m,17165
2025-26 Q1,2025-09-30,2025-06-30,enrolled_dwellings,11642
2025-26 Q1,2025-09-30,2025-06-30,participants_eligible_not_using,9880
2025-26 Q1,2025-09-30,2025-06-30,participants_sda_in_use,15177
2025-26 Q1,2025-09-30,2025-06-30,participants_with_sil,36691
2025-26 Q1,2025-09-30,2025-06-30,sda_annualised_m,560
2025-26 Q1,2025-09-30,2025-06-30,sil_annualised_m,17389
2025-26 Q1,2025-09-30,2025-09-30,enrolled_dwellings,12396
2025-26 Q1,2025-09-30,2025-09-30,participants_eligible_not_using,9756
2025-26 Q1,2025-09-30,2025-09-30,participants_sda_in_use,15518
2025-26 Q1,2025-09-30,2025-09-30,participants_with_sil,36641
2025-26 Q1,2025-09-30,2025-09-30,sda_annualised_m,592
2025-26 Q1,2025-09-30,2025-09-30,sil_annualised_m,17784
2025-26 Q2,2025-12-31,2022-12-31,enrolled_dwellings,7451
2025-26 Q2,2025-12-31,2022-12-31,participants_eligible_not_using,9315
2025-26 Q2,2025-12-31,2022-12-31,participants_sda_in_use,13505
2025-26 Q2,2025-12-31,2022-12-31,participants_with_sil,29812
2025-26 Q2,2025-12-31,2022-12-31,sda_annualised_m,334
2025-26 Q2,2025-12-31,2022-12-31,sil_annualised_m,11892
2025-26 Q2,2025-12-31,2023-03-31,enrolled_dwellings,7720
2025-26 Q2,2025-12-31,2023-03-31,participants_eligible_not_using,9670
2025-26 Q2,2025-12-31,2023-03-31,participants_sda_in_use,13740
2025-26 Q2,2025-12-31,2023-03-31,participants_with_sil,31368
2025-26 Q2,2025-12-31,2023-03-31,sda_annualised_m,353
2025-26 Q2,2025-12-31,2023-03-31,sil_annualised_m,12804
2025-26 Q2,2025-12-31,2023-06-30,enrolled_dwellings,7925
2025-26 Q2,2025-12-31,2023-06-30,participants_eligible_not_using,9853
2025-26 Q2,2025-12-31,2023-06-30,participants_sda_in_use,13971
2025-26 Q2,2025-12-31,2023-06-30,participants_with_sil,31509
2025-26 Q2,2025-12-31,2023-06-30,sda_annualised_m,365
2025-26 Q2,2025-12-31,2023-06-30,sil_annualised_m,13075
2025-26 Q2,2025-12-31,2023-09-30,enrolled_dwellings,8299
2025-26 Q2,2025-12-31,2023-09-30,participants_eligible_not_using,10151
2025-26 Q2,2025-12-31,2023-09-30,participants_sda_in_use,13906
2025-26 Q2,2025-12-31,2023-09-30,participants_with_sil,32973
2025-26 Q2,2025-12-31,2023-09-30,sda_annualised_m,395
2025-26 Q2,2025-12-31,2023-09-30,sil_annualised_m,14376
2025-26 Q2,2025-12-31,2023-12-31,enrolled_dwellings,8590
2025-26 Q2,2025-12-31,2023-12-31,participants_eligible_not_using,10091
2025-26 Q2,2025-12-31,2023-12-31,participants_sda_in_use,14097
2025-26 Q2,2025-12-31,2023-12-31,participants_with_sil,33581
2025-26 Q2,2025-12-31,2023-12-31,sda_annualised_m,440
2025-26 Q2,2025-12-31,2023-12-31,sil_annualised_m,14894
2025-26 Q2,2025-12-31,2024-03-31,enrolled_dwellings,8886
2025-26 Q2,2025-12-31,2024-03-31,participants_eligible_not_using,10054
2025-26 Q2,2025-12-31,2024-03-31,participants_sda_in_use,14088
2025-26 Q2,2025-12-31,2024-03-31,participants_with_sil,34310
2025-26 Q2,2025-12-31,2024-03-31,sda_annualised_m,452
2025-26 Q2,2025-12-31,2024-03-31,sil_annualised_m,15350
2025-26 Q2,2025-12-31,2024-06-30,enrolled_dwellings,9487
2025-26 Q2,2025-12-31,2024-06-30,participants_eligible_not_using,9955
2025-26 Q2,2025-12-31,2024-06-30,participants_sda_in_use,14179
2025-26 Q2,2025-12-31,2024-06-30,participants_with_sil,34850
2025-26 Q2,2025-12-31,2024-06-30,sda_annualised_m,470
2025-26 Q2,2025-12-31,2024-06-30,sil_annualised_m,15720
2025-26 Q2,2025-12-31,2024-09-30,enrolled_dwellings,10120
2025-26 Q2,2025-12-31,2024-09-30,participants_eligible_not_using,9891
2025-26 Q2,2025-12-31,2024-09-30,participants_sda_in_use,14290
2025-26 Q2,2025-12-31,2024-09-30,participants_with_sil,35371
2025-26 Q2,2025-12-31,2024-09-30,sda_annualised_m,498
2025-26 Q2,2025-12-31,2024-09-30,sil_annualised_m,16352
2025-26 Q2,2025-12-31,2024-12-31,enrolled_dwellings,10749
2025-26 Q2,2025-12-31,2024-12-31,participants_eligible_not_using,9834
2025-26 Q2,2025-12-31,2024-12-31,participants_sda_in_use,14688
2025-26 Q2,2025-12-31,2024-12-31,participants_with_sil,35972
2025-26 Q2,2025-12-31,2024-12-31,sda_annualised_m,517
2025-26 Q2,2025-12-31,2024-12-31,sil_annualised_m,16805
2025-26 Q2,2025-12-31,2025-03-31,enrolled_dwellings,11360
2025-26 Q2,2025-12-31,2025-03-31,participants_eligible_not_using,9662
2025-26 Q2,2025-12-31,2025-03-31,participants_sda_in_use,15099
2025-26 Q2,2025-12-31,2025-03-31,participants_with_sil,36432
2025-26 Q2,2025-12-31,2025-03-31,sda_annualised_m,542
2025-26 Q2,2025-12-31,2025-03-31,sil_annualised_m,17165
2025-26 Q2,2025-12-31,2025-06-30,enrolled_dwellings,11642
2025-26 Q2,2025-12-31,2025-06-30,participants_eligible_not_using,9880
2025-26 Q2,2025-12-31,2025-06-30,participants_sda_in_use,15177
2025-26 Q2,2025-12-31,2025-06-30,participants_with_sil,36691
2025-26 Q2,2025-12-31,2025-06-30,sda_annualised_m,560
2025-26 Q2,2025-12-31,2025-06-30,sil_annualised_m,17389
2025-26 Q2,2025-12-31,2025-09-30,enrolled_dwellings,12396
2025-26 Q2,2025-12-31,2025-09-30,participants_eligible_not_using,9756
2025-26 Q2,2025-12-31,2025-09-30,participants_sda_in_use,15518
2025-26 Q2,2025-12-31,2025-09-30,participants_with_sil,36641
2025-26 Q2,2025-12-31,2025-09-30,sda_annualised_m,592
2025-26 Q2,2025-12-31,2025-09-30,sil_annualised_m,17784
2025-26 Q2,2025-12-31,2025-12-31,enrolled_dwellings,13297
2025-26 Q2,2025-12-31,2025-12-31,participants_eligible_not_using,9577
2025-26 Q2,2025-12-31,2025-12-31,participants_sda_in_use,15925
2025-26 Q2,2025-12-31,2025-12-31,participants_with_sil,36755
2025-26 Q2,2025-12-31,2025-12-31,sda_annualised_m,626
2025-26 Q2,2025-12-31,2025-12-31,sil_annualised_m,17912
2025-26 Q3,2026-03-31,2023-03-31,enrolled_dwellings,7720
2025-26 Q3,2026-03-31,2023-03-31,participants_eligible_not_using,9670
2025-26 Q3,2026-03-31,2023-03-31,participants_sda_in_use,13740
2025-26 Q3,2026-03-31,2023-03-31,participants_with_sil,31368
2025-26 Q3,2026-03-31,2023-03-31,sda_annualised_m,353
2025-26 Q3,2026-03-31,2023-03-31,sil_annualised_m,12804
2025-26 Q3,2026-03-31,2023-06-30,enrolled_dwellings,7925
2025-26 Q3,2026-03-31,2023-06-30,participants_eligible_not_using,9853
2025-26 Q3,2026-03-31,2023-06-30,participants_sda_in_use,13971
2025-26 Q3,2026-03-31,2023-06-30,participants_with_sil,31509
2025-26 Q3,2026-03-31,2023-06-30,sda_annualised_m,365
2025-26 Q3,2026-03-31,2023-06-30,sil_annualised_m,13075
2025-26 Q3,2026-03-31,2023-09-30,enrolled_dwellings,8299
2025-26 Q3,2026-03-31,2023-09-30,participants_eligible_not_using,10151
2025-26 Q3,2026-03-31,2023-09-30,participants_sda_in_use,13906
2025-26 Q3,2026-03-31,2023-09-30,participants_with_sil,32973
2025-26 Q3,2026-03-31,2023-09-30,sda_annualised_m,395
2025-26 Q3,2026-03-31,2023-09-30,sil_annualised_m,14376
2025-26 Q3,2026-03-31,2023-12-31,enrolled_dwellings,8590
2025-26 Q3,2026-03-31,2023-12-31,participants_eligible_not_using,10091
2025-26 Q3,2026-03-31,2023-12-31,participants_sda_in_use,14097
2025-26 Q3,2026-03-31,2023-12-31,participants_with_sil,33581
2025-26 Q3,2026-03-31,2023-12-31,sda_annualised_m,440
2025-26 Q3,2026-03-31,2023-12-31,sil_annualised_m,14894
2025-26 Q3,2026-03-31,2024-03-31,enrolled_dwellings,8886
2025-26 Q3,2026-03-31,2024-03-31,participants_eligible_not_using,10054
2025-26 Q3,2026-03-31,2024-03-31,participants_sda_in_use,14088
2025-26 Q3,2026-03-31,2024-03-31,participants_with_sil,34310
2025-26 Q3,2026-03-31,2024-03-31,sda_annualised_m,452
2025-26 Q3,2026-03-31,2024-03-31,sil_annualised_m,15350
2025-26 Q3,2026-03-31,2024-06-30,enrolled_dwellings,9487
2025-26 Q3,2026-03-31,2024-06-30,participants_eligible_not_using,9955
2025-26 Q3,2026-03-31,2024-06-30,participants_sda_in_use,14179
2025-26 Q3,2026-03-31,2024-06-30,participants_with_sil,34850
2025-26 Q3,2026-03-31,2024-06-30,sda_annualised_m,470
2025-26 Q3,2026-03-31,2024-06-30,sil_annualised_m,15720
2025-26 Q3,2026-03-31,2024-09-30,enrolled_dwellings,10120
2025-26 Q3,2026-03-31,2024-09-30,participants_eligible_not_using,9891
2025-26 Q3,2026-03-31,2024-09-30,participants_sda_in_use,14290
2025-26 Q3,2026-03-31,2024-09-30,participants_with_sil,35371
2025-26 Q3,2026-03-31,2024-09-30,sda_annualised_m,498
2025-26 Q3,2026-03-31,2024-09-30,sil_annualised_m,16352
2025-26 Q3,2026-03-31,2024-12-31,enrolled_dwellings,10749
2025-26 Q3,2026-03-31,2024-12-31,participants_eligible_not_using,9834
2025-26 Q3,2026-03-31,2024-12-31,participants_sda_in_use,14688
2025-26 Q3,2026-03-31,2024-12-31,participants_with_sil,35972
2025-26 Q3,2026-03-31,2024-12-31,sda_annualised_m,517
2025-26 Q3,2026-03-31,2024-12-31,sil_annualised_m,16805
2025-26 Q3,2026-03-31,2025-03-31,enrolled_dwellings,11360
2025-26 Q3,2026-03-31,2025-03-31,participants_eligible_not_using,9662
2025-26 Q3,2026-03-31,2025-03-31,participants_sda_in_use,15099
2025-26 Q3,2026-03-31,2025-03-31,participants_with_sil,36432
2025-26 Q3,2026-03-31,2025-03-31,sda_annualised_m,542
2025-26 Q3,2026-03-31,2025-03-31,sil_annualised_m,17165
2025-26 Q3,2026-03-31,2025-06-30,enrolled_dwellings,11642
2025-26 Q3,2026-03-31,2025-06-30,participants_eligible_not_using,9880
2025-26 Q3,2026-03-31,2025-06-30,participants_sda_in_use,15177
2025-26 Q3,2026-03-31,2025-06-30,participants_with_sil,36691
2025-26 Q3,2026-03-31,2025-06-30,sda_annualised_m,560
2025-26 Q3,2026-03-31,2025-06-30,sil_annualised_m,17389
2025-26 Q3,2026-03-31,2025-09-30,enrolled_dwellings,12396
2025-26 Q3,2026-03-31,2025-09-30,participants_eligible_not_using,9756
2025-26 Q3,2026-03-31,2025-09-30,participants_sda_in_use,15518
2025-26 Q3,2026-03-31,2025-09-30,participants_with_sil,36641
2025-26 Q3,2026-03-31,2025-09-30,sda_annualised_m,592
2025-26 Q3,2026-03-31,2025-09-30,sil_annualised_m,17784
2025-26 Q3,2026-03-31,2025-12-31,enrolled_dwellings,13297
2025-26 Q3,2026-03-31,2025-12-31,participants_eligible_not_using,9577
2025-26 Q3,2026-03-31,2025-12-31,participants_sda_in_use,15925
2025-26 Q3,2026-03-31,2025-12-31,participants_with_sil,36755
2025-26 Q3,2026-03-31,2025-12-31,sda_annualised_m,626
2025-26 Q3,2026-03-31,2025-12-31,sil_annualised_m,17912
2025-26 Q3,2026-03-31,2026-03-31,enrolled_dwellings,13779
2025-26 Q3,2026-03-31,2026-03-31,participants_eligible_not_using,9370
2025-26 Q3,2026-03-31,2026-03-31,participants_sda_in_use,16263
2025-26 Q3,2026-03-31,2026-03-31,participants_with_sil,36808
2025-26 Q3,2026-03-31,2026-03-31,sda_annualised_m,653
2025-26 Q3,2026-03-31,2026-03-31,sil_annualised_m,17986
2025-26 Q4,2026-06-30,2023-06-30,enrolled_dwellings,7925
2025-26 Q4,2026-06-30,2023-06-30,participants_eligible_not_using,9853
2025-26 Q4,2026-06-30,2023-06-30,participants_sda_in_use,13971
2025-26 Q4,2026-06-30,2023-06-30,participants_with_sil,31509
2025-26 Q4,2026-06-30,2023-06-30,sda_annualised_m,365
2025-26 Q4,2026-06-30,2023-06-30,sil_annualised_m,13075
2025-26 Q4,2026-06-30,2023-09-30,enrolled_dwellings,8299
2025-26 Q4,2026-06-30,2023-09-30,participants_eligible_not_using,10151
2025-26 Q4,2026-06-30,2023-09-30,participants_sda_in_use,13906
2025-26 Q4,2026-06-30,2023-09-30,participants_with_sil,32973
2025-26 Q4,2026-06-30,2023-09-30,sda_annualised_m,395
2025-26 Q4,2026-06-30,2023-09-30,sil_annualised_m,14376
2025-26 Q4,2026-06-30,2023-12-31,enrolled_dwellings,8590
2025-26 Q4,2026-06-30,2023-12-31,participants_eligible_not_using,10091
2025-26 Q4,2026-06-30,2023-12-31,participants_sda_in_use,14097
2025-26 Q4,2026-06-30,2023-12-31,participants_with_sil,33581
2025-26 Q4,2026-06-30,2023-12-31,sda_annualised_m,440
2025-26 Q4,2026-06-30,2023-12-31,sil_annualised_m,14894
2025-26 Q4,2026-06-30,2024-03-31,enrolled_dwellings,8886
2025-26 Q4,2026-06-30,2024-03-31,participants_eligible_not_using,10054
2025-26 Q4,2026-06-30,2024-03-31,participants_sda_in_use,14088
2025-26 Q4,2026-06-30,2024-03-31,participants_with_sil,34310
2025-26 Q4,2026-06-30,2024-03-31,sda_annualised_m,452
2025-26 Q4,2026-06-30,2024-03-31,sil_annualised_m,15350
2025-26 Q4,2026-06-30,2024-06-30,enrolled_dwellings,9487
2025-26 Q4,2026-06-30,2024-06-30,participants_eligible_not_using,9955
2025-26 Q4,2026-06-30,2024-06-30,participants_sda_in_use,14179
2025-26 Q4,2026-06-30,2024-06-30,participants_with_sil,34850
2025-26 Q4,2026-06-30,2024-06-30,sda_annualised_m,470
2025-26 Q4,2026-06-30,2024-06-30,sil_annualised_m,15720
2025-26 Q4,2026-06-30,2024-09-30,enrolled_dwellings,10120
2025-26 Q4,2026-06-30,2024-09-30,participants_eligible_not_using,9891
2025-26 Q4,2026-06-30,2024-09-30,participants_sda_in_use,14290
2025-26 Q4,2026-06-30,2024-09-30,participants_with_sil,35371
2025-26 Q4,2026-06-30,2024-09-30,sda_annualised_m,498
2025-26 Q4,2026-06-30,2024-09-30,sil_annualised_m,16352
2025-26 Q4,2026-06-30,2024-12-31,enrolled_dwellings,10749
2025-26 Q4,2026-06-30,2024-12-31,participants_eligible_not_using,9834
2025-26 Q4,2026-06-30,2024-12-31,participants_sda_in_use,14688
2025-26 Q4,2026-06-30,2024-12-31,participants_with_sil,35972
2025-26 Q4,2026-06-30,2024-12-31,sda_annualised_m,517
2025-26 Q4,2026-06-30,2024-12-31,sil_annualised_m,16805
2025-26 Q4,2026-06-30,2025-03-31,enrolled_dwellings,11360
2025-26 Q4,2026-06-30,2025-03-31,participants_eligible_not_using,9662
2025-26 Q4,2026-06-30,2025-03-31,participants_sda_in_use,15099
2025-26 Q4,2026-06-30,2025-03-31,participants_with_sil,36432
2025-26 Q4,2026-06-30,2025-03-31,sda_annualised_m,542
2025-26 Q4,2026-06-30,2025-03-31,sil_annualised_m,17165
2025-26 Q4,2026-06-30,2025-06-30,enrolled_dwellings,11642
2025-26 Q4,2026-06-30,2025-06-30,participants_eligible_not_using,9880
2025-26 Q4,2026-06-30,2025-06-30,participants_sda_in_use,15177
2025-26 Q4,2026-06-30,2025-06-30,participants_with_sil,36691
2025-26 Q4,2026-06-30,2025-06-30,sda_annualised_m,560
2025-26 Q4,2026-06-30,2025-06-30,sil_annualised_m,17389
2025-26 Q4,2026-06-30,2025-09-30,enrolled_dwellings,12396
2025-26 Q4,2026-06-30,2025-09-30,participants_eligible_not_using,9756
2025-26 Q4,2026-06-30,2025-09-30,participants_sda_in_use,15518
2025-26 Q4,2026-06-30,2025-09-30,participants_with_sil,36641
2025-26 Q4,2026-06-30,2025-09-30,sda_annualised_m,592
2025-26 Q4,2026-06-30,2025-09-30,sil_annualised_m,17784
2025-26 Q4,2026-06-30,2025-12-31,enrolled_dwellings,13297
2025-26 Q4,2026-06-30,2025-12-31,participants_eligible_not_using,9577
2025-26 Q4,2026-06-30,2025-12-31,participants_sda_in_use,15925
2025-26 Q4,2026-06-30,2025-12-31,participants_with_sil,36755
2025-26 Q4,2026-06-30,2025-12-31,sda_annualised_m,626
2025-26 Q4,2026-06-30,2025-12-31,sil_annualised_m,17912
2025-26 Q4,2026-06-30,2026-03-31,enrolled_dwellings,13779
2025-26 Q4,2026-06-30,2026-03-31,participants_eligible_not_using,9370
2025-26 Q4,2026-06-30,2026-03-31,participants_sda_in_use,16263
2025-26 Q4,2026-06-30,2026-03-31,participants_with_sil,36808
2025-26 Q4,2026-06-30,2026-03-31,sda_annualised_m,653
2025-26 Q4,2026-06-30,2026-03-31,sil_annualised_m,17986
2025-26 Q4,2026-06-30,2026-06-30,enrolled_dwellings,14235
2025-26 Q4,2026-06-30,2026-06-30,participants_eligible_not_using,9014
2025-26 Q4,2026-06-30,2026-06-30,participants_sda_in_use,16644
2025-26 Q4,2026-06-30,2026-06-30,participants_with_sil,36874
2025-26 Q4,2026-06-30,2026-06-30,sda_annualised_m,684
2025-26 Q4,2026-06-30,2026-06-30,sil_annualised_m,18002
